ablation,spearman_rho_with_OA,p_value,r_squared_with_OA,score_mean
E_only,0.43875968414116684,1.9761970175885846e-32,0.22886998251310386,3.456969696969697
drop_H,0.41236600527433653,1.7500315986249097e-28,0.21805716039144518,2.040909090909091
drop_D,0.3485160201235702,2.772007092800847e-20,0.1445658763186899,3.5684445370853113
full_S,0.32471733511877704,1.1351268809419444e-17,0.14165331366881329,2.2899697664503473
F_only,0.2905263769978147,2.648149584638606e-14,0.10554226914786158,4.211212121212121
drop_F,0.23910747721368236,4.920927490260772e-10,0.07937992234207447,1.6495556481964224
drop_E,0.12446058260869963,0.0013560094823628804,0.023659972392280904,1.900969789610564
H_only,-0.09614413766887978,0.013472372697741932,0.01095394189708443,3.037151793074116
invD_only,0.03681039920231793,0.345065575526876,0.004265227160330953,4.454545454545454
