text,text_trunc,humt_text,std_humt_text
"The tutor is asking for the **total number of equal parts in the whole circle**, not just the shaded parts. You may have counted 7 shaded sections and missed an unshaded section.

Try this: start at the top of the circle and count every “slice” once as you move all the way around. Count the spaces, not the dividing lines, and include both shaded and unshaded slices. Then check that all slices are the same size. That total is the denominator of the fraction; 7 may instead be the numerator—the number of shaded parts.","The tutor is asking for the **total number of equal parts in the whole circle**, not just the shaded parts. You may have counted 7 shaded sections and missed an unshaded section.

Try this: start at the top of the circle and count every “slice” once as you move all the way around. Count the spaces, ",-0.011326248645782577,0.011023936121542443
"Your first two steps are correct: each dress needs \(5.5 \times 3 = 16.5\) feet, so four dresses require \(4 \times 16.5 = 66\) feet.

The mistake is converting the 7 feet again. Amare already has **7 feet**, not 7 yards, so you should subtract 7 directly:  
\[
66-7=59
\]
Amare still needs **59 feet of fabric**.","Your first two steps are correct: each dress needs \(5.5 \times 3 = 16.5\) feet, so four dresses require \(4 \times 16.5 = 66\) feet.

The mistake is converting the 7 feet again. Amare already has **7 feet**, not 7 yards, so you should subtract 7 directly:  
\[
66-7=59
\]
Amare still needs **59 feet",0.001573414802551909,0.020462233178929385
"“100.0” is the same value as 100 because a zero in the tenths place adds nothing. Your answer may be numerically correct but not written in the form the problem asks for.

Look back at the highlighted digit and identify its position: hundreds, tens, ones, tenths, hundredths, or thousandths. Then write its value as **digit × place value**. For example, a 1 in the hundreds place has value \(1 \times 100=100\), while a 1 in the tenths place has value \(1 \times 0.1=0.1\). Also check whether the question asks for standard form, word form, expanded form, or the value of one digit. Use that requested form rather than automatically adding “.0.”","“100.0” is the same value as 100 because a zero in the tenths place adds nothing. Your answer may be numerically correct but not written in the form the problem asks for.

Look back at the highlighted digit and identify its position: hundreds, tens, ones, tenths, hundredths, or thousandths. Then wri",0.01317697525024375,0.012352651037757734
"Your answer, **12,237**, looks like a numerical sum, but the tutor was asking for the **name of a property**, not the result of adding.

Think about a simple example: \(3+5=5+3\). The numbers switch order, but the sum stays the same. This is called the **commutative property of addition**. So next, answer with the property’s name rather than the total.","Your answer, **12,237**, looks like a numerical sum, but the tutor was asking for the **name of a property**, not the result of adding.

Think about a simple example: \(3+5=5+3\). The numbers switch order, but the sum stays the same. This is called the **commutative property of addition**. So next, ",0.02079174995422317,0.011967513644935613
"Your response “1 an 3” may simply be unclear: write it as **“1 and 3”** and confirm only if you are confident. The tutor’s question, “Is that your final answer?”, does not necessarily mean it is wrong—it may be asking you to double-check.

Before confirming, look at figures 1 and 3 and test the definition being asked about. For a quadrilateral, each figure must be a closed, flat shape with exactly four straight sides, four vertices, and no gaps or curved edges. If the question asks for a specific type—such as a rectangle, parallelogram, or trapezoid—check that type’s extra properties too. Count and mark the sides of every option, then eliminate any that fail a requirement. Since the actual diagram and question are missing here, there is not enough information to verify whether 1 and 3 are correct.","Your response “1 an 3” may simply be unclear: write it as **“1 and 3”** and confirm only if you are confident. The tutor’s question, “Is that your final answer?”, does not necessarily mean it is wrong—it may be asking you to double-check.

Before confirming, look at figures 1 and 3 and test the defi",0.008960452079772807,0.01011469700014119
"An octagon has 8 sides, so it doesn’t match a polygon with 5 sides. A helpful clue is that the prefix **“penta-” means five**—for example, a pentagram has five points.

Look back at the examples the tutor gave: triangles, rectangles, and **pentagons**. Which of those names uses the prefix meaning five? That is the name you should try for a 5-sided polygon.","An octagon has 8 sides, so it doesn’t match a polygon with 5 sides. A helpful clue is that the prefix **“penta-” means five**—for example, a pentagram has five points.

Look back at the examples the tutor gave: triangles, rectangles, and **pentagons**. Which of those names uses the prefix meaning fi",-0.01382662296295134,0.014345087588745507
"Your mistake is treating the amount Ben sold his old car for ($1800) as its original cost. Those amounts are not necessarily the same.

Let \(x\) be the old car’s cost. The new car cost \(2x\). Ben paid $1800 toward the new car and still owes $2000, so the new car’s total cost was

\[
1800+2000=3800.
\]

Thus,

\[
2x=3800 \quad\Rightarrow\quad x=1900.
\]

So Ben’s old car cost **\(\boxed{\$1900}\)**. He sold it for $1800, which was $100 less than its cost.","Your mistake is treating the amount Ben sold his old car for ($1800) as its original cost. Those amounts are not necessarily the same.

Let \(x\) be the old car’s cost. The new car cost \(2x\). Ben paid $1800 toward the new car and still owes $2000, so the new car’s total cost was

\[
1800+2000=3800",0.025850772857666016,0.014373696954382585
"Your calculation for the cubs is correct: \(35 \times 4 = 140\) pounds per week. The mistake is subtracting this from 210. The mother bear needs 210 pounds for herself, so the cubs’ food must be added: \(210 + 140 = 350\) pounds total per week.

Each rabbit provides 5 pounds, so she needs \(350 \div 5 = 70\) rabbits per week. Since she hunts every day, she must catch \(70 \div 7 = \boxed{10}\) rabbits per day.","Your calculation for the cubs is correct: \(35 \times 4 = 140\) pounds per week. The mistake is subtracting this from 210. The mother bear needs 210 pounds for herself, so the cubs’ food must be added: \(210 + 140 = 350\) pounds total per week.

Each rabbit provides 5 pounds, so she needs \(350 \div",0.03189498901367127,0.012949045843103038
"Your first step is correct: a 30% increase on 150 mph is

\(150 \times 0.30 = 45\) mph,

so the speed becomes \(150 + 45 = 195\) mph.

The mistake is treating the 15% weight reduction as a 15% speed increase. The problem already tells you its effect on speed: cutting the weight increases the speed by a further 10 mph. Therefore, simply add 10 mph:

\[
195 + 10 = \boxed{205\text{ mph}}
\]

The 15% describes how much weight was removed, not how much the speed increased.","Your first step is correct: a 30% increase on 150 mph is

\(150 \times 0.30 = 45\) mph,

so the speed becomes \(150 + 45 = 195\) mph.

The mistake is treating the 15% weight reduction as a 15% speed increase. The problem already tells you its effect on speed: cutting the weight increases the speed b",0.007560505867004075,0.013258518295044623
"Your mistake is treating the $0.50 as money Carl earns. Instead, $0.50 is the cost of each candy bar.

Carl earns $0.75 per week, so after four weeks he earns \(0.75 \times 4 = \$3.00\). Since each candy bar costs $0.50, he can buy \(3.00 \div 0.50 = 6\) candy bars. Therefore, Carl can buy **6 candy bars**.","Your mistake is treating the $0.50 as money Carl earns. Instead, $0.50 is the cost of each candy bar.

Carl earns $0.75 per week, so after four weeks he earns \(0.75 \times 4 = \$3.00\). Since each candy bar costs $0.50, he can buy \(3.00 \div 0.50 = 6\) candy bars. Therefore, Carl can buy **6 candy",0.00851918935775764,0.0118413012017306
"“Millions” correctly identifies the place being rounded, but the tutor is asking what happens to the **7** in that place. Look at the digit immediately to its right: it is **6**. Since 6 is 5 or greater, round the 7 up by 1.

So change the 7 in the millions place to **8**, then replace every digit to its right with zeros. Your next step is to write the number with **8 million** and zeros after it.","“Millions” correctly identifies the place being rounded, but the tutor is asking what happens to the **7** in that place. Look at the digit immediately to its right: it is **6**. Since 6 is 5 or greater, round the 7 up by 1.

So change the 7 in the millions place to **8**, then replace every digit t",0.013460178375243714,0.011515600193836564
"From this exchange alone, it doesn’t look like the tutor said your answer was wrong. “Is that your final answer?” is often just a prompt to confirm and check your work. The likely answer you reached was **18 minutes**, but the original problem is missing, so we can’t verify it.

Since this lesson is about decimal numbers, check whether you converted a decimal part of an hour correctly. Remember that **1 hour = 60 minutes**, so multiply the decimal part by 60. For example, \(0.3 \times 60 = 18\) minutes—not 30 minutes. Then reread the question to ensure it asks for the **remaining** time, and check any subtraction before converting. If your calculation leaves \(0.3\) hour, then “18 minutes” is correctly reasoned.","From this exchange alone, it doesn’t look like the tutor said your answer was wrong. “Is that your final answer?” is often just a prompt to confirm and check your work. The likely answer you reached was **18 minutes**, but the original problem is missing, so we can’t verify it.

Since this lesson is",0.029370002746581747,0.012766256172172108
"“J” by itself names only a point, not a ray. A ray must have one fixed endpoint and extend forever in one direction, usually shown with an arrow at one end.

Look at the graph for a figure that starts at a labeled point and has an arrow pointing away from it. Then name the ray using two points: write the endpoint first and another point on the ray second. For example, if it starts at \(J\), passes through \(K\), and continues toward the arrow, it is \(\overrightarrow{JK}\), not just \(J\). Check which labeled point is the endpoint and which point lies in the arrow’s direction.","“J” by itself names only a point, not a ray. A ray must have one fixed endpoint and extend forever in one direction, usually shown with an arrow at one end.

Look at the graph for a figure that starts at a labeled point and has an arrow pointing away from it. Then name the ray using two points: writ",0.007988977432250799,0.012856736844749894
"Multiplying isn’t quite the right operation because speed is a **unit rate**: distance traveled for **1 unit of time**. The point \((2,300)\) means the train travels 300 distance units in 2 time units.

Use the formula \(\text{speed}=\frac{\text{distance}}{\text{time}}\). Substitute the coordinates to get \(\frac{300}{2}\). Think: “If it travels 300 units in 2 hours, how far does it travel in 1 hour?” Compute that division, then label your answer with the correct distance-per-time units from the graph.","Multiplying isn’t quite the right operation because speed is a **unit rate**: distance traveled for **1 unit of time**. The point \((2,300)\) means the train travels 300 distance units in 2 time units.

Use the formula \(\text{speed}=\frac{\text{distance}}{\text{time}}\). Substitute the coordinates ",0.024728460311889577,0.013137541882854382
"Your first two calculations are correct: Amiyah cut \(20\%\times 400=80\) trees, then planted \(5\times80=400\) new trees.

The mistake is adding the new trees to the original 400 without subtracting the 80 trees she cut. After cutting, \(400-80=320\) trees remained. Then she planted 400 new trees, so the total is \(320+400=\boxed{720}\) trees.","Your first two calculations are correct: Amiyah cut \(20\%\times 400=80\) trees, then planted \(5\times80=400\) new trees.

The mistake is adding the new trees to the original 400 without subtracting the 80 trees she cut. After cutting, \(400-80=320\) trees remained. Then she planted 400 new trees, ",0.03735545158386255,0.011437138578340573
"You didn’t do anything wrong so far. You correctly noticed that the shape has four sides and said that all four sides are equal.

Next, check the corners. Ask yourself: “Does the shape have four square corners (right angles), like the corner of a sheet of paper?” If yes, the shape is a **square**. If the corners are not right angles, it may be a **rhombus** instead. Counting sides and checking whether the sides and corners match helps you name the shape.","You didn’t do anything wrong so far. You correctly noticed that the shape has four sides and said that all four sides are equal.

Next, check the corners. Ask yourself: “Does the shape have four square corners (right angles), like the corner of a sheet of paper?” If yes, the shape is a **square**. I",0.02435579061508175,0.011487904144197973
"Your mistake is interpreting **“increased by ten times the number initially”** as the final total. The increase itself is \(10 \times 500 = 5000\) salmon. You must then add the original 500 salmon:

\[
500 + 5000 = 5500
\]

So, assuming all fish mentioned are salmon, there are **5,500 fish** in the river now. If the problem had said the population “increased **to** ten times the initial number,” then your answer of 5,000 would be correct.","Your mistake is interpreting **“increased by ten times the number initially”** as the final total. The increase itself is \(10 \times 500 = 5000\) salmon. You must then add the original 500 salmon:

\[
500 + 5000 = 5500
\]

So, assuming all fish mentioned are salmon, there are **5,500 fish** in the ",0.02059948444366455,0.01304231294238667
"You’re on the right track: the area of a rectangle is found by multiplying its length by its width. Your answer “multiplying” describes the operation, but the tutor was likely asking for the full formula: **Area = length × width**.

Here, the dimensions appear to be 24 and 86, so write **A = 24 × 86**. To work it out, break 86 into 80 + 6: **24 × 80 + 24 × 6**. Calculate those two products, add them, and label the result in **square units**.","You’re on the right track: the area of a rectangle is found by multiplying its length by its width. Your answer “multiplying” describes the operation, but the tutor was likely asking for the full formula: **Area = length × width**.

Here, the dimensions appear to be 24 and 86, so write **A = 24 × 86",0.013440785408019629,0.01333542575720474
"Your calculations are correct until the final addition. The 30 “previous” texts already includes both the 5 grocery texts and the 25 texts asking why she wasn’t responding.

The last set was \(10\%\) of 30, so it contained \(0.10 \times 30 = 3\) texts. Therefore, the total is
\[
30+3=\boxed{33\text{ texts}}.
\]
Your answer of 58 accidentally counts the 25 response-request texts twice.","Your calculations are correct until the final addition. The 30 “previous” texts already includes both the 5 grocery texts and the 25 texts asking why she wasn’t responding.

The last set was \(10\%\) of 30, so it contained \(0.10 \times 30 = 3\) texts. Therefore, the total is
\[
30+3=\boxed{33\text{",0.02524166584014864,0.012843235294926198
"I can’t tell exactly why **C** is incorrect because the original question, picture, and answer choices aren’t included. Choosing a letter alone also doesn’t show the multiplication reasoning needed.

Try this: identify the **number of equal groups** and the **number of objects in each group**. Then write  
**groups × objects in each group = total objects**.  
For example, 4 groups with 3 objects each means \(4 \times 3 = 12\). You can verify by repeated addition: \(3+3+3+3=12\). Next, compare that equation and total with what choice C says. If C reverses the meaning of the factors, uses addition instead of multiplication, or gives the wrong total, choose the option that correctly represents the groups.","I can’t tell exactly why **C** is incorrect because the original question, picture, and answer choices aren’t included. Choosing a letter alone also doesn’t show the multiplication reasoning needed.

Try this: identify the **number of equal groups** and the **number of objects in each group**. Then ",0.027833786010742045,0.013556269199889408
"“1 shape” tells how many shapes you see, but it probably does not answer what the problem asks you to **find**. Look for the key words in the question, such as “find the area,” “name the shape,” or “compare the shapes.”

If it asks for **area**, count the equal-sized square units that cover the inside of the shape, and write your answer as “___ square units.” If it asks you to **identify the shape**, examine its number of sides and corners, then give its name. Reread the exact question and try completing this sentence: “I am asked to find the ______.” That will tell you what to do next.","“1 shape” tells how many shapes you see, but it probably does not answer what the problem asks you to **find**. Look for the key words in the question, such as “find the area,” “name the shape,” or “compare the shapes.”

If it asks for **area**, count the equal-sized square units that cover the insi",-0.01442484378814779,0.01225529386493513
"Your mistake is double-counting the 10 people turned on the first night. The two original vampires each turn 5 people, so they create \(2 \times 5=10\) new vampires. Thus, after the first night there are \(2+10=12\) vampires, not 22.

On the second night, all 12 vampires each turn 5 more people, creating \(12 \times 5=60\) new vampires. Therefore, after two nights there are \(12+60=\boxed{72}\) vampires. This assumes newly created vampires begin turning people the following night.","Your mistake is double-counting the 10 people turned on the first night. The two original vampires each turn 5 people, so they create \(2 \times 5=10\) new vampires. Thus, after the first night there are \(2+10=12\) vampires, not 22.

On the second night, all 12 vampires each turn 5 more people, cre",0.04007418870925905,0.011540150814511691
"Your mistake is assuming the pole broke exactly halfway, making the top piece 6 feet long. Here, “folding over” means the broken upper section hangs downward; it does not necessarily mean the pole broke into equal lengths.

Let \(x\) be the height of the break above the base. The hanging piece has length \(12-x\). Since it hangs from height \(x\) and its tip ends 2 feet above the ground,

\[
x-(12-x)=2.
\]

Solving gives \(2x-12=2\), so \(2x=14\) and \(x=7\). Therefore, the flagpole broke **7 feet from the base**. The upper piece is 5 feet long, hanging from 7 feet down to 2 feet.","Your mistake is assuming the pole broke exactly halfway, making the top piece 6 feet long. Here, “folding over” means the broken upper section hangs downward; it does not necessarily mean the pole broke into equal lengths.

Let \(x\) be the height of the break above the base. The hanging piece has l",0.007801847457885813,0.013057724827954626
"Your mistake is treating the total of 100 students as if it belongs in every classroom. Also, 50 boys and 50 girls is not possible because the school actually has 56 boys and 44 girls.

If the students are divided evenly among 4 classrooms, then \(100 \div 4 = 25\) students are in each classroom. More specifically, each room would have \(56 \div 4 = 14\) boys and \(44 \div 4 = 11\) girls. Therefore, the answer is **25 students per classroom**. However, each classroom cannot have the same number of boys and girls unless some students are moved out or additional girls are added, so that part of the problem is worded incorrectly.","Your mistake is treating the total of 100 students as if it belongs in every classroom. Also, 50 boys and 50 girls is not possible because the school actually has 56 boys and 44 girls.

If the students are divided evenly among 4 classrooms, then \(100 \div 4 = 25\) students are in each classroom. Mo",0.03784117937088016,0.011422788600455456
"It looks like the tutor asked **what quantity the problem wants you to find**, not for its numerical value yet. So “40” may be a calculation or a number from the diagram, but it does not answer that question clearly.

Go back to the problem and identify the unknown: for example, “the length of segment \(AB\),” “the perimeter,” or “the missing side length.” Then note which lengths are given and write a relationship between them, such as “whole length = part + part” or the perimeter formula. Substitute the known numbers and solve, including units. If your calculation gives 40, check that 40 represents the requested unknown—not merely a given length or an intermediate result—and state it as, for example, “We are finding \(AB\), and \(AB=40\) units.”","It looks like the tutor asked **what quantity the problem wants you to find**, not for its numerical value yet. So “40” may be a calculation or a number from the diagram, but it does not answer that question clearly.

Go back to the problem and identify the unknown: for example, “the length of segme",0.01682576179504469,0.010330643337885203
"Your mistake is that not every purple egg has 5 pieces—only half do. Also, \( \frac14\) of the blue eggs means multiply the fraction of blue eggs by \( \frac14\), not \( \frac44 \times \frac14\).

Imagine there are 20 eggs. Since \( \frac15\) are purple, there are 4 purple eggs, and half of them (2) have 5 candies. Since \( \frac45\) are blue, there are 16 blue eggs, and \( \frac14\) of them (4) have 5 candies. Therefore, \(2+4=6\) out of 20 eggs have 5 candies:

\[
\frac{6}{20}=\frac{3}{10}=30\%.
\]

So Jerry has a **30% chance** of getting 5 pieces of candy.","Your mistake is that not every purple egg has 5 pieces—only half do. Also, \( \frac14\) of the blue eggs means multiply the fraction of blue eggs by \( \frac14\), not \( \frac44 \times \frac14\).

Imagine there are 20 eggs. Since \( \frac15\) are purple, there are 4 purple eggs, and half of them (2)",0.02309504747390756,0.012617337835307078
"Your subtraction is correct: \(32-4=28\). The mistake is that \(f\) represents the fish in **one** aquarium, while “the amount of fish in both aquariums” means the combined total. Since each aquarium has \(f\) fish, both together have \(2f\) fish.

The snail difference is twice that combined amount, so:
\[
28=2(2f)=4f
\]
\[
f=7
\]
Therefore, there are **7 fish in each aquarium** (14 fish total). Your equation \(28=2f\) would only be correct if \(f\) represented the total number of fish in both aquariums.","Your subtraction is correct: \(32-4=28\). The mistake is that \(f\) represents the fish in **one** aquarium, while “the amount of fish in both aquariums” means the combined total. Since each aquarium has \(f\) fish, both together have \(2f\) fish.

The snail difference is twice that combined amount,",0.030579557418823455,0.013336797620533495
"Your calculation of 30 cupcakes is correct. After 3 of the 27 students call in sick, there are 24 students present, including Dani. However, you also need to count the teacher and the teacher’s aide.

So, \(24 + 1 + 1 = 26\) people receive cupcakes. Therefore, \(30 - 26 = 4\) cupcakes are left. Your mistake was forgetting to add the teacher and teacher’s aide back into the number of people present.","Your calculation of 30 cupcakes is correct. After 3 of the 27 students call in sick, there are 24 students present, including Dani. However, you also need to count the teacher and the teacher’s aide.

So, \(24 + 1 + 1 = 26\) people receive cupcakes. Therefore, \(30 - 26 = 4\) cupcakes are left. Your",0.022613182067870774,0.01102013138524211
"Your first two calculations are correct: the five sale books cost \(5 \times \$10=\$50\), and the two online books cost \(\$40\) total.

The mistake is interpreting “three times the cost of the online ordered books.” This means the three bookstore books together cost three times the online total, not that each bookstore book cost the same as one online book. Thus, the bookstore books cost \(3 \times \$40=\$120\). Marta spent \(\$50+\$40+\$120=\boxed{\$210}\) in total.","Your first two calculations are correct: the five sale books cost \(5 \times \$10=\$50\), and the two online books cost \(\$40\) total.

The mistake is interpreting “three times the cost of the online ordered books.” This means the three bookstore books together cost three times the online total, no",0.028740525245666504,0.011491497732732704
"Your mistake is counting the five double-yolk eggs twice. The initial \(12\) yolks already includes one yolk for each of those five eggs, so you should add only their extra yolks—not all \(10\) yolks again.

Start with one yolk per egg: \(12\) yolks. Each of the five double-yolk eggs adds one extra yolk: \(12 + 5 = 17\). So the whole carton contained **17 yolks**.","Your mistake is counting the five double-yolk eggs twice. The initial \(12\) yolks already includes one yolk for each of those five eggs, so you should add only their extra yolks—not all \(10\) yolks again.

Start with one yolk per egg: \(12\) yolks. Each of the five double-yolk eggs adds one extra ",0.011881084442138867,0.012124824622393384
"Your first steps are correct: each bracelet needs 12 large beads and 24 small beads, for 36 beads total. Since Caitlin has equal amounts of each type, she has 264 large beads and 264 small beads.

The mistake is checking only the large beads. Her large beads could make \(264 \div 12 = 22\) bracelets, but her small beads can make only \(264 \div 24 = 11\) bracelets. Because each bracelet needs both types, the small beads are the limiting supply. Therefore, Caitlin can make **11 bracelets**. She will use all 264 small beads and \(11 \times 12 = 132\) large beads.","Your first steps are correct: each bracelet needs 12 large beads and 24 small beads, for 36 beads total. Since Caitlin has equal amounts of each type, she has 264 large beads and 264 small beads.

The mistake is checking only the large beads. Her large beads could make \(264 \div 12 = 22\) bracelets",0.028208627700806232,0.012897313934847625
"“Eight thousand” is correct only if the visible number was **8,000**—an 8 in the thousands place followed by three zeros. If there were other nonzero digits, you need to name those place values too.

Try reading the number from left to right: thousands, hundreds, tens, then ones. For example, **8,352** is “eight thousand three hundred fifty-two,” not just “eight thousand.” Look closely at every digit in the displayed number, identify its place, and combine all the nonzero place values.","“Eight thousand” is correct only if the visible number was **8,000**—an 8 in the thousands place followed by three zeros. If there were other nonzero digits, you need to name those place values too.

Try reading the number from left to right: thousands, hundreds, tens, then ones. For example, **8,35",-0.01415624618530309,0.011422544718600842
"Your percentage calculations are correct, but the harvest timing is shifted. The original yield of **20 sacks is the first harvest**. After that harvest, the yield increases by 20%, so the second harvest produces:

\(20 \times 1.20 = 24\) sacks.

Therefore, the total collected from the first and second harvests is:

\(20 + 24 = \boxed{44\text{ sacks}}\).

The \(28.8\) sacks would be the yield of the **third harvest**, because \(24 \times 1.20 = 28.8\). Your mistake was treating 24 sacks as the first harvest instead of the second.","Your percentage calculations are correct, but the harvest timing is shifted. The original yield of **20 sacks is the first harvest**. After that harvest, the yield increases by 20%, so the second harvest produces:

\(20 \times 1.20 = 24\) sacks.

Therefore, the total collected from the first and sec",0.05810450077056828,0.013330385934163825
"Your answer “2” may not be wrong—it could be the digit in the tens place. But to round to the nearest ten, you must next look at the digit in the ones place, immediately to the right of the 2.

If the ones digit is 0–4, keep the 2 and change the ones digit to 0. If it is 5–9, increase the 2 to 3 and change the ones digit to 0. For example, 23 rounds to 20, while 27 rounds to 30. Apply that rule to the original number.","Your answer “2” may not be wrong—it could be the digit in the tens place. But to round to the nearest ten, you must next look at the digit in the ones place, immediately to the right of the 2.

If the ones digit is 0–4, keep the 2 and change the ones digit to 0. If it is 5–9, increase the 2 to 3 and",-0.012762398719787349,0.011104496112390809
"You added 9 and 8, which gives 17. But the word **product** means you should multiply, not add.

Think of \(9 \times 8\) as 9 groups of 8. You can find it by repeated addition: \(8+8+8+8+8+8+8+8+8\). You could also use a fact you know, such as \(10 \times 8\), then subtract one group of 8. Try that strategy to work out \(9 \times 8\).","You added 9 and 8, which gives 17. But the word **product** means you should multiply, not add.

Think of \(9 \times 8\) as 9 groups of 8. You can find it by repeated addition: \(8+8+8+8+8+8+8+8+8\). You could also use a fact you know, such as \(10 \times 8\), then subtract one group of 8. Try that ",0.003349926471710063,0.011042373357489615
"Your setup is almost correct. Peter gets 30 cents, which is \(30 \div 5 = 6\) nickels. Randi gets twice as much money: \(2 \times 30 = 60\) cents, or \(60 \div 5 = 12\) nickels.

The question asks how many **more** nickels Randi has than Peter, so subtract their amounts: \(12 - 6 = 6\). Therefore, Randi has **6 more nickels** than Peter. Your mistake was treating Randi’s total of 12 nickels as the difference. The original 175 cents is not needed except to confirm that Ray has enough money to give them both.","Your setup is almost correct. Peter gets 30 cents, which is \(30 \div 5 = 6\) nickels. Randi gets twice as much money: \(2 \times 30 = 60\) cents, or \(60 \div 5 = 12\) nickels.

The question asks how many **more** nickels Randi has than Peter, so subtract their amounts: \(12 - 6 = 6\). Therefore, R",0.05661708116531328,0.013065601046963176
"From the exchange, there isn’t enough information to tell what you did wrong because the original division equations and your steps aren’t shown. The response “5, 3, and 7” gives answers but doesn’t explain which number belongs in each blank or why.

For each unknown-number division problem, rewrite it as multiplication: if \(a \div \square=b\), ask “\(b\) times what equals \(a\)?” If \(\square \div a=b\), calculate \(a\times b\). If \(a\div b=\square\), divide normally. Then substitute your number back into the original equation to check it. For example, \(35\div \square=7\) becomes \(7\times \square=35\), so you look for the factor that makes 35. Try this process on each equation rather than relying only on “5, 3, and 7.”","From the exchange, there isn’t enough information to tell what you did wrong because the original division equations and your steps aren’t shown. The response “5, 3, and 7” gives answers but doesn’t explain which number belongs in each blank or why.

For each unknown-number division problem, rewrite",0.04293415069580142,0.01561330427115596
"Your conversion is correct: 12 half-sprigs equal \(12 \times \frac12 = 6\) whole sprigs. The mistake is that you subtracted the 8 whole sprigs twice. After calculating \(25-8=17\), you should subtract only the additional 6 sprigs used for the half-sprigs:

\[
17-6=11
\]

Equivalently, Carmen used \(8+6=14\) sprigs total, so she has \(25-14=11\) sprigs left. Thus, the answer is **11 sprigs**. Note that the story’s claim that she does not have enough for every plate conflicts with the numbers—25 sprigs would cover 20 plates—but this does not affect the calculation.","Your conversion is correct: 12 half-sprigs equal \(12 \times \frac12 = 6\) whole sprigs. The mistake is that you subtracted the 8 whole sprigs twice. After calculating \(25-8=17\), you should subtract only the additional 6 sprigs used for the half-sprigs:

\[
17-6=11
\]

Equivalently, Carmen used \(",0.04253631591796836,0.015486176170469561
"The question asks for the **two multiples of 100** that 179 lies between, not the digit used to decide whether to round up. Think of a number line marked 100, 200, 300, and so on. Where would 179 fit? It is greater than one of those hundreds and less than the next one.

Once you identify those two hundreds, look at the tens digit in 179. If that digit is 5 or more, round up to the higher hundred; if it is less than 5, round down to the lower hundred. Your answer “5” describes the rounding rule, but not the hundreds values the tutor requested.","The question asks for the **two multiples of 100** that 179 lies between, not the digit used to decide whether to round up. Think of a number line marked 100, 200, 300, and so on. Where would 179 fit? It is greater than one of those hundreds and less than the next one.

Once you identify those two h",0.01461307048797611,0.01218641361159266
"“23” likely came from continuing a number pattern, but a function table is about matching each input \(x\) with its output \(y\). The \(x\)-values increasing by 2 while the \(y\)-values increase by 6 tells you that when \(x\) increases by 1, \(y\) increases by \(6 \div 2=3\).

The 5 is included because the problem wants the output specifically when \(x=5\), even if that breaks the previous “count by 2” pattern. Start with the closest known \(x\)-value and its matching \(y\). Find how many steps it takes to reach 5, then change \(y\) by 3 for each step. Check that your result follows the same input-output relationship as the earlier rows rather than simply writing the next number you expect.","“23” likely came from continuing a number pattern, but a function table is about matching each input \(x\) with its output \(y\). The \(x\)-values increasing by 2 while the \(y\)-values increase by 6 tells you that when \(x\) increases by 1, \(y\) increases by \(6 \div 2=3\).

The 5 is included beca",-0.0015000557899469413,0.011774080960858087
"Your answer of **85°** may be close, but the missing diagram makes it impossible to confirm. A common mistake with protractors is reading the wrong scale. Start with the ray that lines up with **0°**, then follow that same scale until the other ray crosses the protractor.

Also check the angle’s appearance: if it is smaller than a right angle, it should be less than 90°, so 85° is reasonable. If it is slightly larger than a right angle, you likely used the opposite scale; in that case, compare your reading with its supplement by calculating **180° − 85°**. Use the angle’s acute or obtuse shape to decide which reading fits.","Your answer of **85°** may be close, but the missing diagram makes it impossible to confirm. A common mistake with protractors is reading the wrong scale. Start with the ray that lines up with **0°**, then follow that same scale until the other ray crosses the protractor.

Also check the angle’s app",0.02533980846405015,0.01388661550387974
"Your calculations for how many drinks were consumed are correct: \(90 \div 2 = 45\) soda cans, \(90 \div 3 = 30\) sparkling-water bottles, and \(50 \times \frac45 = 40\) juice bottles.

The mistake is subtracting these from the original 150 containers. That gives the number of **unused** containers: \(150-115=35\). The recyclable containers collected are the empty cans and bottles from the drinks that were consumed, so add them:  
\[
45+30+40=\boxed{115}.
\]","Your calculations for how many drinks were consumed are correct: \(90 \div 2 = 45\) soda cans, \(90 \div 3 = 30\) sparkling-water bottles, and \(50 \times \frac45 = 40\) juice bottles.

The mistake is subtracting these from the original 150 containers. That gives the number of **unused** containers:",0.04778548479080147,0.015837342178621976
"Your first-trail calculation is correct: \(20 \div 5 = 4\) hours.

The mistake is that \(12 \div 3 = 4\) hours is the time to hike the entire second trail, not just the first half. Each half is 6 miles, so each takes \(6 \div 3 = 2\) hours. Including the one-hour break, the second trail takes \(2+1+2=5\) hours. Therefore, the first trail is faster by \(5-4=\boxed{1\text{ hour}}\).","Your first-trail calculation is correct: \(20 \div 5 = 4\) hours.

The mistake is that \(12 \div 3 = 4\) hours is the time to hike the entire second trail, not just the first half. Each half is 6 miles, so each takes \(6 \div 3 = 2\) hours. Including the one-hour break, the second trail takes \(2+1+",0.012159736156463818,0.012147272140078953
"Your mistake is in the first step: you used the 5 Volkswagen Bugs as if they were Toyota trucks.

Since 5 Bugs is **half** the number of Toyota trucks, there are \(5 \times 2 = 10\) Toyotas. There are twice as many Fords as Toyotas, so there are \(10 \times 2 = 20\) Fords. Finally, the number of Fords is one-third the number of Dodges, so there are \(20 \times 3 = 60\) Dodge trucks. Therefore, the answer is \(\boxed{60}\).","Your mistake is in the first step: you used the 5 Volkswagen Bugs as if they were Toyota trucks.

Since 5 Bugs is **half** the number of Toyota trucks, there are \(5 \times 2 = 10\) Toyotas. There are twice as many Fords as Toyotas, so there are \(10 \times 2 = 20\) Fords. Finally, the number of For",0.04131116390228273,0.01262161893436629
"You likely didn’t do anything “wrong” yet—the exchange only describes the plan, not your calculations. The key is to convert every time measurement into the same unit before adding. Since \(1\) hour \(=60\) minutes, multiply each number of hours by \(60\). If a time also includes extra minutes, add those afterward: \((\text{hours}\times60)+\text{minutes}\).

Next, write the converted minute totals separately, label them “minutes,” and then add them. For example, \(2\) hours \(15\) minutes becomes \(2\times60+15\), not \(2\times15\) or \(2+60+15\). Check that your final unit is minutes and that you included every quantity from the word problem.","You likely didn’t do anything “wrong” yet—the exchange only describes the plan, not your calculations. The key is to convert every time measurement into the same unit before adding. Since \(1\) hour \(=60\) minutes, multiply each number of hours by \(60\). If a time also includes extra minutes, add ",0.028795938491820827,0.012046463237835613
"Use the order of operations: multiplication comes before addition. First calculate \(6 \times 9\). Think of it as six groups of nine (or \(9+9+9+9+9+9\)).

Once you have that product, add \(2\) to it. Your answer of \(99\) may have come from combining the numbers incorrectly, so try those two steps separately and check whether the result makes sense—it should be only a little more than \(6 \times 9\).","Use the order of operations: multiplication comes before addition. First calculate \(6 \times 9\). Think of it as six groups of nine (or \(9+9+9+9+9+9\)).

Once you have that product, add \(2\) to it. Your answer of \(99\) may have come from combining the numbers incorrectly, so try those two steps ",0.017015888690948167,0.011775490446697782
"When the tutor asks, “How many times does 4 go into 6?” they mean: how many complete groups of 4 can you make from 6? Try multiples of 4: \(4\times1=4\), while \(4\times2=8\), which is too large. So only 1 complete group fits, with \(6-4=2\) left over.

Write 1 above the 6, multiply \(1\times4=4\), and subtract to get the remainder 2. If the original number has another digit, bring that digit down beside the 2, then repeat the same process: find the largest multiple of 4 that does not exceed the new number.","When the tutor asks, “How many times does 4 go into 6?” they mean: how many complete groups of 4 can you make from 6? Try multiples of 4: \(4\times1=4\), while \(4\times2=8\), which is too large. So only 1 complete group fits, with \(6-4=2\) left over.

Write 1 above the 6, multiply \(1\times4=4\), ",-0.006905028820037629,0.011197349648034486
"Your mistake is dividing $1.30 by 2. The problem says each individual 500 mL pack costs $1.30, so two individually purchased packs cost:

\[
2 \times \$1.30 = \$2.60
\]

The 2-pack deal costs $2.50, so you save \(\$2.60-\$2.50=\$0.10\) per set. For 10 sets, the total savings is:

\[
10 \times \$0.10=\boxed{\$1.00}
\]

Equivalently, 20 individual packs cost $26.00, while ten 2-pack sets cost $25.00, giving a savings of $1.00.","Your mistake is dividing $1.30 by 2. The problem says each individual 500 mL pack costs $1.30, so two individually purchased packs cost:

\[
2 \times \$1.30 = \$2.60
\]

The 2-pack deal costs $2.50, so you save \(\$2.60-\$2.50=\$0.10\) per set. For 10 sets, the total savings is:

\[
10 \times \$0.10",-0.0009074330329896796,0.013846003603583195
"“Count” is a good start, but it doesn’t explain clearly what you are counting or how the count proves the side lengths are equal. Your tutor is asking for evidence, not just the method’s name.

Try saying: “I counted the equal-sized grid units along each side. Each side has ___ units, so all the sides have the same length.” Then carefully count each side and fill in the number. If the figure is not on a grid, look for matching tick marks or measure each side with a ruler. The key is to compare every side using the same unit and explain that they all have the same measurement.","“Count” is a good start, but it doesn’t explain clearly what you are counting or how the count proves the side lengths are equal. Your tutor is asking for evidence, not just the method’s name.

Try saying: “I counted the equal-sized grid units along each side. Each side has ___ units, so all the sid",-0.005741291046142294,0.014315635214515777
"Your answer of 30 may be the **total number of glasses**, but the question asks how many Ayako drank **each day**. After finding the total, count how many days are shown in the pictograph and divide:

**glasses each day = 30 ÷ number of days**

For example, if the pictograph covers 5 days, calculate \(30 \div 5\). Also check the pictograph key carefully: one picture may represent more than one glass, and a half-picture represents half that amount.","Your answer of 30 may be the **total number of glasses**, but the question asks how many Ayako drank **each day**. After finding the total, count how many days are shown in the pictograph and divide:

**glasses each day = 30 ÷ number of days**

For example, if the pictograph covers 5 days, calculate",0.04118515014648416,0.012920023932928229
"Since 1 pound equals 16 ounces, 12 pounds must be much more than 4 ounces. Your answer may have come from using the wrong operation.

Think of 12 groups with 16 ounces in each group. Set up \(12 \times 16\). You can break it apart: \(10 \times 16 = 160\) and \(2 \times 16 = 32\). Add those two results to find the total number of ounces.","Since 1 pound equals 16 ounces, 12 pounds must be much more than 4 ounces. Your answer may have come from using the wrong operation.

Think of 12 groups with 16 ounces in each group. Set up \(12 \times 16\). You can break it apart: \(10 \times 16 = 160\) and \(2 \times 16 = 32\). Add those two resul",0.0014259505271914108,0.012392914870567833
"Your work is correct. Convert everything to the same unit:

\(8\text{ L}=8000\text{ mL}\). The players receive \(30\times200=6000\text{ mL}\), and another \(250\text{ mL}\) is lost in the spill. Therefore,

\[
8000-6000-250=1750\text{ mL}.
\]

Since \(1000\text{ mL}=1\text{ L}\), \(1750\text{ mL}=1.75\text{ L}\). So **1.75 liters of water were left over**. Your only minor issue is that the final answer should include the unit.","Your work is correct. Convert everything to the same unit:

\(8\text{ L}=8000\text{ mL}\). The players receive \(30\times200=6000\text{ mL}\), and another \(250\text{ mL}\) is lost in the spill. Therefore,

\[
8000-6000-250=1750\text{ mL}.
\]

Since \(1000\text{ mL}=1\text{ L}\), \(1750\text{ mL}=1.",0.01844650983810414,0.014176127360641512
"From the exchange, choosing subtraction was probably correct—the tutor said, “Yes, that’s the way.” What’s missing is the actual subtraction problem and your work, so there isn’t enough information to identify the exact mistake. Your answer may have had a borrowing/regrouping error, incorrect place-value alignment, or missing units.

Try writing the larger number above the smaller number with ones, tens, and hundreds lined up. Subtract from right to left. If a top digit is smaller than the digit below it, regroup 1 from the next place to the left, then continue. Finally, check your work by adding: your difference plus the smaller number should equal the larger number. If it does not, redo the first column where the check fails.","From the exchange, choosing subtraction was probably correct—the tutor said, “Yes, that’s the way.” What’s missing is the actual subtraction problem and your work, so there isn’t enough information to identify the exact mistake. Your answer may have had a borrowing/regrouping error, incorrect place-",0.016074090003967534,0.011379566758685082
"Your calculations up to **30 racers** are correct. There were initially 50 racers, then 30 joined, giving \(50+30=80\). After the total doubled, there were \(80\times2=160\) racers altogether.

Since 130 finished, the number who dropped out was \(160-130=30\). Your mistake was adding \(50+30\) again: those 80 people were racers participating at that stage, not people who dropped out. Therefore, the answer is **30 people**.","Your calculations up to **30 racers** are correct. There were initially 50 racers, then 30 joined, giving \(50+30=80\). After the total doubled, there were \(80\times2=160\) racers altogether.

Since 130 finished, the number who dropped out was \(160-130=30\). Your mistake was adding \(50+30\) again",0.03994355678558392,0.013109885688936807
"Your responses (“no” and “nhw”) don’t show your mathematical thinking, so the tutor can’t tell what you understand or where you’re stuck. “nhw” may also be a typo. You should write an actual number or explain your reasoning.

For a multiples-of-ten problem, look for numbers made by multiplying 10 by a whole number: 10, 20, 30, 40, and so on. These numbers have a 0 in the ones place. Re-read the original question, identify what it asks you to count, add, subtract, or choose, and check whether your result ends in 0. Then respond with something like: “I think the answer is ___ because ___ groups of 10 equal ___.”","Your responses (“no” and “nhw”) don’t show your mathematical thinking, so the tutor can’t tell what you understand or where you’re stuck. “nhw” may also be a typo. You should write an actual number or explain your reasoning.

For a multiples-of-ten problem, look for numbers made by multiplying 10 by",-0.002182197570800959,0.012685249629041615
"Your calculation that 30 students pay is correct. The mistake is using $126: that is only the cost of feeding those 30 paying students, but their payments must cover the meals for all 50 students, including the 20 who eat free.

Therefore, the 30 paying students must split the full $210 cost:

\[
\$210 \div 30 = \$7
\]

So each paying student pays **$7 for lunch**. The $4.20 you found is the actual cost per meal before accounting for the free lunches: \(\$210 \div 50=\$4.20\).","Your calculation that 30 students pay is correct. The mistake is using $126: that is only the cost of feeding those 30 paying students, but their payments must cover the meals for all 50 students, including the 20 who eat free.

Therefore, the 30 paying students must split the full $210 cost:

\[
\$",0.007995414733886541,0.013773060315689692
"Your volume calculation is correct, but \(8000 \div 80 = 100\) gives the number of **cartons**, not widgets. The cartons fit exactly: \(20 \div 4 = 5\), \(20 \div 4 = 5\), and \(20 \div 5 = 4\), so the shipping box holds \(5 \times 5 \times 4 = 100\) cartons.

Since each carton contains 3 widgets, the total is \(100 \times 3 = \boxed{300}\) widgets per shipping box.","Your volume calculation is correct, but \(8000 \div 80 = 100\) gives the number of **cartons**, not widgets. The cartons fit exactly: \(20 \div 4 = 5\), \(20 \div 4 = 5\), and \(20 \div 5 = 4\), so the shipping box holds \(5 \times 5 \times 4 = 100\) cartons.

Since each carton contains 3 widgets, t",0.013004331588744922,0.013723286550983791
"You didn’t necessarily do the math wrong—the exchange doesn’t include the actual exit-ticket question or any of your work. The main issue is that you didn’t attempt or share an answer, so the tutor couldn’t identify where you were stuck. Saying “no” ended the session without giving you feedback.

For the exit ticket, write the decimal numbers vertically with the decimal points lined up. Add zeros as placeholders if needed, then add or subtract from right to left just as with whole numbers, regrouping when necessary. Bring the decimal point straight down into the answer. Before finishing, estimate by rounding the numbers; your exact answer should be close to that estimate. For example, with \(8.2-3.47\), rewrite \(8.2\) as \(8.20\), align the decimals, and then subtract carefully. Try the original question using these steps and record each line of work so any mistake can be located.","You didn’t necessarily do the math wrong—the exchange doesn’t include the actual exit-ticket question or any of your work. The main issue is that you didn’t attempt or share an answer, so the tutor couldn’t identify where you were stuck. Saying “no” ended the session without giving you feedback.

Fo",0.025236320495604758,0.014226926121246266
"There are 4 people total: Phoebe and 3 friends. Since 1 pepperoni slice and 7 cheese slices remain, they ate \(16-1=15\) pepperoni slices and \(16-7=9\) cheese slices. Your mistake was calculating 17 cheese slices; there cannot be more than the original 16. Altogether, they ate \(15+9=24\) slices.

Because all 4 people ate the same amount, each person ate \(24\div4=6\) slices. This also fits the other conditions: the friend who eats only pepperoni ate 6 pepperoni slices. That leaves 9 pepperoni and 9 cheese slices for the other 3 people, so each ate 3 pepperoni and 3 cheese slices, totaling 6 slices each. Therefore, **each person eats 6 slices**.","There are 4 people total: Phoebe and 3 friends. Since 1 pepperoni slice and 7 cheese slices remain, they ate \(16-1=15\) pepperoni slices and \(16-7=9\) cheese slices. Your mistake was calculating 17 cheese slices; there cannot be more than the original 16. Altogether, they ate \(15+9=24\) slices.

",0.02029296874999975,0.01653115899249679
"You answered 19, but multiplication means adding equal groups. To find \(13 \times 3\), add 13 three times: \(13 + 13 + 13\). First, \(13 + 13 = 26\), and then add 13 once more.

Another way is to split 13 into \(10 + 3\): \(3 \times 10 = 30\) and \(3 \times 3 = 9\). Combine those two results. Check whether your total equals 39; if it does, then you know how many groups of 13 fit into 39.","You answered 19, but multiplication means adding equal groups. To find \(13 \times 3\), add 13 three times: \(13 + 13 + 13\). First, \(13 + 13 = 26\), and then add 13 once more.

Another way is to split 13 into \(10 + 3\): \(3 \times 10 = 30\) and \(3 \times 3 = 9\). Combine those two results. Check",0.012723910808563055,0.010693354882448032
"Place values are counted from the rightmost digit. Starting at the 0 in 204,530, move left: ones (0), tens (3), hundreds (5), thousands (4), ten-thousands (0), and hundred-thousands (2).

So “ten millions” is too large for this six-digit number. Try writing the number with labels under each digit, then ask: “What place is the 2 in?” Also distinguish the **place value** (hundred-thousands place) from the **value of the digit** (200,000).","Place values are counted from the rightmost digit. Starting at the 0 in 204,530, move left: ones (0), tens (3), hundreds (5), thousands (4), ten-thousands (0), and hundred-thousands (2).

So “ten millions” is too large for this six-digit number. Try writing the number with labels under each digit, t",0.01214878559112531,0.013551600678863782
"Your mistake is in the equation for the stuffed animals. Since the magnet’s price is already given as $3, you should use **3**, not **3x**, for its cost.

Let \(x\) be the price of one stuffed animal. The two stuffed animals together cost \(2x\). Because the magnet costs one quarter of their combined price:

\[
3=\frac14(2x)
\]

Multiply both sides by 4:

\[
12=2x
\]

Then divide by 2:

\[
x=6
\]

So a single stuffed animal cost **\(\$6\)**. The sticker information is not needed to answer the question, though it implies the sticker cost \(\$1\).","Your mistake is in the equation for the stuffed animals. Since the magnet’s price is already given as $3, you should use **3**, not **3x**, for its cost.

Let \(x\) be the price of one stuffed animal. The two stuffed animals together cost \(2x\). Because the magnet costs one quarter of their combine",-0.00118686676025348,0.011181639934208313
"There’s a mismatch in the tutor’s steps. “The product of 4 times 1” means \(4 \times 1\), which is four groups of one: \(1+1+1+1=4\). So 48 does not follow from that multiplication.

Try rereading the original word problem and identify two numbers: the number of groups and the amount in each group. Then multiply them. For example, 4 groups of 12 would be \(4\times12=48\), but 4 groups of 1 would be \(4\times1=4\). The tutor may have accidentally omitted “12” or stated the wrong final answer.","There’s a mismatch in the tutor’s steps. “The product of 4 times 1” means \(4 \times 1\), which is four groups of one: \(1+1+1+1=4\). So 48 does not follow from that multiplication.

Try rereading the original word problem and identify two numbers: the number of groups and the amount in each group. ",0.04914084911346439,0.011539311989417642
"“Length” tells **what** is being measured, but the tutor asked for the **unit** used to measure it. A unit is a label such as inches or centimeters.

Look at the top of the ruler for an abbreviation. If you see **cm**, say “centimeters”; if you see **in**, say “inches.” Then read the number where the object ends and answer with both the number and unit, such as “5 centimeters.”","“Length” tells **what** is being measured, but the tutor asked for the **unit** used to measure it. A unit is a label such as inches or centimeters.

Look at the top of the ruler for an abbreviation. If you see **cm**, say “centimeters”; if you see **in**, say “inches.” Then read the number where th",-0.006638591289520157,0.013294554860919898
"It sounds like the tutor could not see enough work to understand why you chose “a.” Even if you wrote on the whiteboard, your explanation may not have shown the place-value reasoning clearly, or it may not have saved/submitted correctly.

Try writing a complete justification: identify the relevant digit, name its place (ones, tens, hundreds, etc.), and state its value. For example: “The digit 4 is in the tens place, so its value is 40. Therefore, choice A is correct.” Also check that your whiteboard work is visible and submitted. If you realize the digit is in a different place, revise your choice based on that place’s value.","It sounds like the tutor could not see enough work to understand why you chose “a.” Even if you wrote on the whiteboard, your explanation may not have shown the place-value reasoning clearly, or it may not have saved/submitted correctly.

Try writing a complete justification: identify the relevant d",0.009398250579834233,0.010483024408389613
"Your first step is correct: the rival team won \(2 \times 3 = 6\) matches. The mistake is then adding the home team’s 3 wins to the rival’s 6 wins. “Twice as many” means the rival won 6 matches total, not 6 additional matches.

The home team played \(3+4=7\) matches. The rival played \(6+4=10\) matches. Since neither team lost, the total number of matches played by both teams is \(7+10=\boxed{17}\).","Your first step is correct: the rival team won \(2 \times 3 = 6\) matches. The mistake is then adding the home team’s 3 wins to the rival’s 6 wins. “Twice as many” means the rival won 6 matches total, not 6 additional matches.

The home team played \(3+4=7\) matches. The rival played \(6+4=10\) matc",0.03059603214263973,0.013455798974027669
"Your number might be right, but it cannot be checked without the original measurements and units. A complete answer must include the unit, such as **27,000 meters** or **27,000 milliliters**.

Go back to the problem and write the starting measurement with its unit, then identify the requested unit. Use the metric relationship between them—for example, \(1\text{ km}=1{,}000\text{ m}\), \(1\text{ L}=1{,}000\text{ mL}\), or \(1\text{ kg}=1{,}000\text{ g}\). Multiply by 1,000 when changing from a larger unit to a smaller unit; divide by 1,000 when changing from a smaller unit to a larger unit. Finally, reread the word problem to see whether you must also add, subtract, multiply, or divide quantities. Check that the size makes sense: smaller units should produce a larger number, and larger units should produce a smaller number.","Your number might be right, but it cannot be checked without the original measurements and units. A complete answer must include the unit, such as **27,000 meters** or **27,000 milliliters**.

Go back to the problem and write the starting measurement with its unit, then identify the requested unit. ",0.0167488813400265,0.01191125041040513
"You may not have done anything wrong yet—the tutor was showing how to compare the decimals. Line up the decimal points and compare digits from left to right. Both numbers have 7 in the ones place, so move to the tenths place: 7.09 has 0 tenths, while 7.90 has 9 tenths. Since 0 is less than 9, the first number is smaller.

A helpful next step is to rewrite them with equal decimal places (they already have two here) or think of money: $7.09 versus $7.90. Ask yourself which amount is less, then choose the symbol whose open side faces the larger number and whose point faces the smaller number.","You may not have done anything wrong yet—the tutor was showing how to compare the decimals. Line up the decimal points and compare digits from left to right. Both numbers have 7 in the ones place, so move to the tenths place: 7.09 has 0 tenths, while 7.90 has 9 tenths. Since 0 is less than 9, the fi",0.0014503574371342864,0.01017462255235706
"Your mistake is doubling the number of seeds twice. If about half the planted seeds die, then only half will bloom. To get 20 flowers, Madeline should plant \(20 \div \tfrac12 = 40\) seeds total—not 80.

Each pack contains 25 seeds, so she needs \(40 \div 25 = 1.6\) packs. Since she must buy whole packs, she needs 2 packs. At $5 per pack, she will spend \(2 \times \$5 = \boxed{\$10}\).","Your mistake is doubling the number of seeds twice. If about half the planted seeds die, then only half will bloom. To get 20 flowers, Madeline should plant \(20 \div \tfrac12 = 40\) seeds total—not 80.

Each pack contains 25 seeds, so she needs \(40 \div 25 = 1.6\) packs. Since she must buy whole p",0.027815499305725133,0.012158802644365327
"Your calculation of the 48-minute shift is correct: after 40 days, sunset is \(40 \times 1.2 = 48\) minutes later than 6:00 PM. So sunset is at **6:48 PM**, not 6:58 PM. The mistake was adding the 48 minutes to the current time, 6:10 PM, instead of to the original sunset time, 6:00 PM.

Since it is currently 6:10 PM, the time remaining is \(6{:}48 - 6{:}10 = 38\) minutes. Therefore, the sun will set in **38 minutes**.","Your calculation of the 48-minute shift is correct: after 40 days, sunset is \(40 \times 1.2 = 48\) minutes later than 6:00 PM. So sunset is at **6:48 PM**, not 6:58 PM. The mistake was adding the 48 minutes to the current time, 6:10 PM, instead of to the original sunset time, 6:00 PM.

Since it is ",0.05558702230453516,0.01399571418998725
"The exchange doesn’t include the subtraction problem or your answer, so there isn’t enough information to identify the exact mistake. Saying “yes” only confirmed that your previous answer was final—it doesn’t show your calculation.

Try rewriting the numbers with place values lined up: ones under ones, tens under tens, and so on. Subtract from right to left. If a top digit is smaller than the digit below it, regroup 1 from the place to the left, add 10 to the current top digit, and then subtract. Continue carefully through each column. Finally, check your work by adding your difference to the smaller original number; the sum should equal the larger number.","The exchange doesn’t include the subtraction problem or your answer, so there isn’t enough information to identify the exact mistake. Saying “yes” only confirmed that your previous answer was final—it doesn’t show your calculation.

Try rewriting the numbers with place values lined up: ones under on",0.002038455009460094,0.01368261230161498
"Your mistake is subtracting the lost ball twice. Josh has 7 balls at the end of four weeks. He drops 3, leaving 4 with him. Of the 3 dropped balls, 2 are caught and returned, so he gets back to \(4+2=6\) balls. The remaining dropped ball is already excluded from those 6 because it was never returned.

Equivalently, only 1 of the original 7 balls is permanently lost, so \(7-1=6\). Josh starts juggling on stage with **6 balls**.","Your mistake is subtracting the lost ball twice. Josh has 7 balls at the end of four weeks. He drops 3, leaving 4 with him. Of the 3 dropped balls, 2 are caught and returned, so he gets back to \(4+2=6\) balls. The remaining dropped ball is already excluded from those 6 because it was never returned",0.028925981521606303,0.011435459091765417
"It looks like the problem involves converting three days into minutes. One day has \(24 \times 60 = 1{,}440\) minutes. For three days, you can add \(1{,}440\) three times or multiply \(1{,}440 \times 3\), which gives \(4{,}320\) minutes.

Your message “can i go” didn’t answer the tutor’s question about whether you understood, so the tutor couldn’t tell what was confusing. Try writing the conversion as \(\text{days} \times 24\ \text{hours/day} \times 60\ \text{minutes/hour}\). Check that the unwanted units cancel, leaving minutes. Also make sure your final response includes the unit, not just the number.","It looks like the problem involves converting three days into minutes. One day has \(24 \times 60 = 1{,}440\) minutes. For three days, you can add \(1{,}440\) three times or multiply \(1{,}440 \times 3\), which gives \(4{,}320\) minutes.

Your message “can i go” didn’t answer the tutor’s question ab",0.047273082733154226,0.014264627114168614
"“Area” measures a flat, 2-dimensional surface, but the lesson is about the **volume** of a rectangular prism—how much 3-dimensional space is inside it. Look for wording such as “how many cubic units,” “how much can it hold,” or “find the volume.”

Next, identify the prism’s **length, width, and height**, then use \(V=l\times w\times h\). Before calculating, try restating the question as: “I am asked to find the volume of the rectangular prism.” Remember that your answer should be in **cubic units**, such as \(\text{cm}^3\), not square units.","“Area” measures a flat, 2-dimensional surface, but the lesson is about the **volume** of a rectangular prism—how much 3-dimensional space is inside it. Look for wording such as “how many cubic units,” “how much can it hold,” or “find the volume.”

Next, identify the prism’s **length, width, and heig",-0.021385197639465225,0.012717568303833807
"It looks like the fraction formatting may have caused confusion. If you meant **3/9**, use a slash rather than “x,” because **3 × 9** means multiplication.

For equivalent fractions, multiply the numerator and denominator by the same number. For example, starting with **1/3**, multiplying both parts by 3 gives \((1×3)/(3×3)=3/9\). So check the original fraction and ask: “What number was the numerator multiplied by?” Then multiply the denominator by that same number. If the tutor literally meant **1 × 2**, calculate it as one group of 2.","It looks like the fraction formatting may have caused confusion. If you meant **3/9**, use a slash rather than “x,” because **3 × 9** means multiplication.

For equivalent fractions, multiply the numerator and denominator by the same number. For example, starting with **1/3**, multiplying both parts",0.015336000919341508,0.011783688646735055
"You didn’t do anything wrong in that exchange—you confirmed the rectangle formula, but you haven’t yet applied it. Remember that \(A=w\times l\), so the area is measured in square units, not regular units.

For an area-by-decomposition problem, divide the irregular figure into smaller rectangles. Label each rectangle’s length and width, calculate each area using \(A=w\times l\), and then add those areas together. If the figure is a large rectangle with a piece missing, you can instead find the large rectangle’s area and subtract the missing rectangle’s area. Try drawing division lines on the figure and ask yourself: “What are the length and width of each rectangle, and should I add or subtract its area?”","You didn’t do anything wrong in that exchange—you confirmed the rectangle formula, but you haven’t yet applied it. Remember that \(A=w\times l\), so the area is measured in square units, not regular units.

For an area-by-decomposition problem, divide the irregular figure into smaller rectangles. La",0.05128362178802526,0.015000810718022489
"You gave the whole time, **1:55**, but the tutor asked only which **number on the clock face** the minute hand points to. The minute hand is the longer hand, and each clock number represents 5 minutes.

To find the clock number for 55 minutes, count by 5s around the clock—or calculate \(55 \div 5\). That leads to the number **11**. Next, try answering with just that clock-face number, then use the shorter hour hand separately to determine the hour.","You gave the whole time, **1:55**, but the tutor asked only which **number on the clock face** the minute hand points to. The minute hand is the longer hand, and each clock number represents 5 minutes.

To find the clock number for 55 minutes, count by 5s around the clock—or calculate \(55 \div 5\).",0.06461960792541532,0.012570942238029332
"It looks like you may have multiplied only the ones digits: \(6 \times 6 = 36\), whose ones digit is 6—not 4. But \(26\) means 2 tens and 6 ones, so you must multiply both parts by 6.

Break it apart: \(26 = 20 + 6\). First find \(6 \times 20\), then find \(6 \times 6\), and add those two products. Try completing those steps; their sum is the product of \(26\) and \(6\), which you’ll use in the division problem.","It looks like you may have multiplied only the ones digits: \(6 \times 6 = 36\), whose ones digit is 6—not 4. But \(26\) means 2 tens and 6 ones, so you must multiply both parts by 6.

Break it apart: \(26 = 20 + 6\). First find \(6 \times 20\), then find \(6 \times 6\), and add those two products. ",0.013499944210052295,0.011261401171874096
"Your work is correct through finding that **98 aprons remain**. The mistake is subtracting today’s 39 aprons again. Those 39 were already included when you calculated the total sewn, \(13+39=52\), and then the remainder, \(150-52=98\).

She wants to sew **half of the remaining 98 aprons tomorrow**, so:

\[
98 \div 2 = 49
\]

Therefore, Heather should sew **49 aprons tomorrow**.","Your work is correct through finding that **98 aprons remain**. The mistake is subtracting today’s 39 aprons again. Those 39 were already included when you calculated the total sewn, \(13+39=52\), and then the remainder, \(150-52=98\).

She wants to sew **half of the remaining 98 aprons tomorrow**, ",0.008811159133911062,0.011513041320363026
"Your mistake is treating the 4 empty spaces as extra capacity beyond 12. Jack’s basket is full at 12 apples, and it currently has room for 4 more, so Jack currently has \(12-4=8\) apples.

Jill’s full basket holds twice Jack’s full capacity: \(2\times12=24\) apples. Therefore, Jack’s current 8 apples fit into Jill’s basket \(24\div8=3\) times. The correct answer is **3 times**.","Your mistake is treating the 4 empty spaces as extra capacity beyond 12. Jack’s basket is full at 12 apples, and it currently has room for 4 more, so Jack currently has \(12-4=8\) apples.

Jill’s full basket holds twice Jack’s full capacity: \(2\times12=24\) apples. Therefore, Jack’s current 8 apple",0.042666769027709606,0.01575727961309143
"Your bottle calculations are correct, but you mixed up the morning and evening sales. Nick sold \(55-6=49\) bottles in the morning, so together they sold \(55+49=104\) bottles that morning. At \$0.50 each, their morning earnings were:

\[
104 \times \$0.50=\$52
\]

Their evening sales were given as \$55. To find how much more they earned in the evening, subtract morning earnings from evening earnings: \(\$55-\$52=\boxed{\$3}\). They earned \$3 more in the evening.","Your bottle calculations are correct, but you mixed up the morning and evening sales. Nick sold \(55-6=49\) bottles in the morning, so together they sold \(55+49=104\) bottles that morning. At \$0.50 each, their morning earnings were:

\[
104 \times \$0.50=\$52
\]

Their evening sales were given as ",0.022056665420532084,0.016565020783752177
"Your mistake is counting the original 50 guests twice. Multiplying \(50 \times 1.6 = 80\) already gives the **total** number of guests your wife wants, not the number of additional guests.

Specifically, \(60\%\) of 50 is \(0.60 \times 50 = 30\), so she wants \(50 + 30 = 80\) guests. The guest cost is \(80 \times \$500 = \$40{,}000\). Adding the venue cost gives \(\$40{,}000 + \$10{,}000 = \boxed{\$50{,}000}\).","Your mistake is counting the original 50 guests twice. Multiplying \(50 \times 1.6 = 80\) already gives the **total** number of guests your wife wants, not the number of additional guests.

Specifically, \(60\%\) of 50 is \(0.60 \times 50 = 30\), so she wants \(50 + 30 = 80\) guests. The guest cost ",0.038814573287964116,0.011868305508900055
"Your setup, \(47 \div 4\), is correct. The mistake is interpreting the decimal \(0.75\) as \(0.75\) of one carrot left over. Since the carrots are whole objects, use division with a remainder.

Each goat gets \(11\) carrots: \(4 \times 11 = 44\). Then subtract: \(47 - 44 = 3\). So Alma will have **3 baby carrots left over**. The decimal \(0.75\) means \(3/4\) of a group of 4 carrots, which equals 3 carrots—not \(0.75\) of a carrot.","Your setup, \(47 \div 4\), is correct. The mistake is interpreting the decimal \(0.75\) as \(0.75\) of one carrot left over. Since the carrots are whole objects, use division with a remainder.

Each goat gets \(11\) carrots: \(4 \times 11 = 44\). Then subtract: \(47 - 44 = 3\). So Alma will have **3",0.03336398124694817,0.012244428502388712
"Your first step is correct: Karina’s brother is \(40 \div 2 = 20\) years old.

The mistake is in the equation \((2021-x)-x=20\). The expression \(2021-x\) already represents his age, so you should not subtract \(x\) again. Also, since Karina was born in 1970 and is currently 40, the problem’s “current year” must be \(1970+40=2010\), not 2021. Therefore, her brother’s birth year is \(2010-20=1990\). So Karina’s brother was born in **1990**.","Your first step is correct: Karina’s brother is \(40 \div 2 = 20\) years old.

The mistake is in the equation \((2021-x)-x=20\). The expression \(2021-x\) already represents his age, so you should not subtract \(x\) again. Also, since Karina was born in 1970 and is currently 40, the problem’s “curre",0.03150695800781289,0.011538316171823397
"The mistake is interpreting **“8 more solar systems”** as **8 solar systems for each planet**. Here, “8 more” means the number of solar systems is 8 greater than the number of planets, not 8 times as many.

There are \(20+8=28\) solar systems. Altogether, there are \(28+20=\boxed{48}\) solar systems and planets. Your answer of 180 would be correct only if the problem said, “There are 8 solar systems for every planet.”","The mistake is interpreting **“8 more solar systems”** as **8 solar systems for each planet**. Here, “8 more” means the number of solar systems is 8 greater than the number of planets, not 8 times as many.

There are \(20+8=28\) solar systems. Altogether, there are \(28+20=\boxed{48}\) solar systems",0.045039792060851624,0.013865929924515623
"Your first steps are correct: food and drinks cost \(80+10=\$90\), and the 10% sales tax is \(0.10(90)=\$9\). Thus, the bill before gratuity was \(90+9=\$99\).

Since the final bill was \$140, the gratuity must be the difference: \(\$140-\$99=\boxed{\$41}\). Your mistake was using the 10% sales-tax rate as though it were also the gratuity rate; no gratuity percentage was given. Also, you should not calculate gratuity as 10% of the final \$140 because that total already includes the gratuity. If desired, the restaurant’s implied gratuity rate on the after-tax amount was \(\frac{41}{99}\times100\%\approx 41.4\%\).","Your first steps are correct: food and drinks cost \(80+10=\$90\), and the 10% sales tax is \(0.10(90)=\$9\). Thus, the bill before gratuity was \(90+9=\$99\).

Since the final bill was \$140, the gratuity must be the difference: \(\$140-\$99=\boxed{\$41}\). Your mistake was using the 10% sales-tax ",0.02028456449508642,0.011563987519110282
"An angle is made where two straight sides meet at a corner. You may have answered 0 because you were counting something else or overlooked the corners.

Trace around figure 2 with your finger. Each time the boundary reaches a corner and changes direction, count one angle. Don’t count a starting corner twice when you return to it. Then check your work by counting the straight sides: for a closed polygon, the number of sides and angles should match. If figure 2 has corners, its answer cannot be 0; recount those direction changes and use that number.","An angle is made where two straight sides meet at a corner. You may have answered 0 because you were counting something else or overlooked the corners.

Trace around figure 2 with your finger. Each time the boundary reaches a corner and changes direction, count one angle. Don’t count a starting corn",0.01461865901947057,0.013117388772256555
"Your conversion to seconds is correct: half an hour is \(30 \times 60 = 1800\) seconds. The mistake is multiplying the download speed by the song size. A speed of \(20\text{ MB/s}\) already means Julia downloads \(20\) MB each second.

In half an hour, she downloads \(20 \times 1800 = 36{,}000\) MB. Since each song is \(5\) MB, the number of songs is \(36{,}000 \div 5 = 7{,}200\). Therefore, Julia can download **7,200 songs** in half an hour, assuming the speed stays constant.","Your conversion to seconds is correct: half an hour is \(30 \times 60 = 1800\) seconds. The mistake is multiplying the download speed by the song size. A speed of \(20\text{ MB/s}\) already means Julia downloads \(20\) MB each second.

In half an hour, she downloads \(20 \times 1800 = 36{,}000\) MB.",0.02926147937774637,0.012454874685149194
"You correctly found that Jethro has \(60 \div 3 = \$20\).

The mistake is in interpreting Carmen’s amount. “Carmen needs \$7 more to have twice Jethro’s amount” means adding \$7 to what Carmen currently has would give her \(2 \times \$20=\$40\). Therefore, Carmen currently has \(40-7=\$33\), not \$47. The total is
\[
60+20+33=\boxed{\$113}.
\]","You correctly found that Jethro has \(60 \div 3 = \$20\).

The mistake is in interpreting Carmen’s amount. “Carmen needs \$7 more to have twice Jethro’s amount” means adding \$7 to what Carmen currently has would give her \(2 \times \$20=\$40\). Therefore, Carmen currently has \(40-7=\$33\), not \$4",0.07189092159271215,0.01385484259137306
"Your mistake is applying the 20% increase directly to the number of balls. That would only work if the new balls had the same price as the dodgeballs. Since softballs cost more, first calculate the budget.

The original budget was \(15 \times \$5=\$75\). After a 20% increase, the new budget is \(1.2 \times \$75=\$90\). Since each softball costs \$9, the school can buy \(\$90 \div \$9=10\) softballs. So the correct answer is **10 softballs**. Your check that 18 softballs cost \$162 shows why 18 cannot be correct: \$162 is much more than the new \$90 budget.","Your mistake is applying the 20% increase directly to the number of balls. That would only work if the new balls had the same price as the dodgeballs. Since softballs cost more, first calculate the budget.

The original budget was \(15 \times \$5=\$75\). After a 20% increase, the new budget is \(1.2",0.02646430015563972,0.011940670017933057
"Your mistake is treating every class as if it lasts \(3+4=7\) hours. There are two 3-hour classes and one separate 4-hour class each week.

Weekly class time is:
\[
2(3)+1(4)=6+4=10\text{ hours}.
\]
Including 4 hours of homework, David spends:
\[
10+4=14\text{ hours per week}.
\]
Over 24 weeks:
\[
24\times14=336\text{ hours}.
\]

Therefore, David will spend **336 hours** on the course.","Your mistake is treating every class as if it lasts \(3+4=7\) hours. There are two 3-hour classes and one separate 4-hour class each week.

Weekly class time is:
\[
2(3)+1(4)=6+4=10\text{ hours}.
\]
Including 4 hours of homework, David spends:
\[
10+4=14\text{ hours per week}.
\]
Over 24 weeks:
\[
2",-0.008634746074676514,0.026738591726096713
"Your answer “3” may be incorrect because the hundredths place is the **second digit to the right of the decimal point**, not simply any 3 you see. For example, in \(4.736\), the tenths digit is 7, the hundredths digit is 3, and the thousandths digit is 6.

Go back to the original decimal, locate the decimal point, and count two places to the right. If you are rounding to the nearest hundredth, then look at the **third** digit to the right: if it is 5–9, increase the hundredths digit by 1; if it is 0–4, leave it unchanged. Justify your result by naming that third digit and stating whether you rounded up or kept the hundredths digit the same.","Your answer “3” may be incorrect because the hundredths place is the **second digit to the right of the decimal point**, not simply any 3 you see. For example, in \(4.736\), the tenths digit is 7, the hundredths digit is 3, and the thousandths digit is 6.

Go back to the original decimal, locate the",-0.011753871440887131,0.011900484133624304
"The mistake is in the first step. The problem says Ken poured in enough jelly beans to **bring the weight to 2 pounds**. That means the box and the first jelly beans together weigh 2 pounds; you should not add another 2 pounds for the box.

Starting at 2 pounds, the brownies triple the weight: \(2 \times 3 = 6\). Adding 2 more pounds of jelly beans gives \(6+2=8\). The gummy worms then double the weight: \(8 \times 2=16\). Therefore, the final weight is \(\boxed{16}\) pounds.","The mistake is in the first step. The problem says Ken poured in enough jelly beans to **bring the weight to 2 pounds**. That means the box and the first jelly beans together weigh 2 pounds; you should not add another 2 pounds for the box.

Starting at 2 pounds, the brownies triple the weight: \(2 \",0.0379241323471069,0.013419756613542987
"Your work is correct. The movie’s total box-office revenue was:

\(120 \times 3.5 = 420\) million dollars.

The production company kept 60% of that:

\(420 \times 0.60 = 252\) million dollars.

Profit equals the company’s share of the revenue minus the production cost:

\(252 - 60 = 192\) million dollars.

So the production company made a **profit of \(\boxed{\$192\text{ million}}\)**. There is no mistake in your calculations; just be sure to include the units in your final answer.","Your work is correct. The movie’s total box-office revenue was:

\(120 \times 3.5 = 420\) million dollars.

The production company kept 60% of that:

\(420 \times 0.60 = 252\) million dollars.

Profit equals the company’s share of the revenue minus the production cost:

\(252 - 60 = 192\) million do",-0.004013326168060605,0.012645866999031582
"Nothing in the exchange shows the actual geometry problem, your work, or an answer, so there isn’t enough information to identify a mathematical mistake. Also, “yezir” likely means “yes, sir,” so the tutor may have understood that you had already finished and did not need help.

For a geometric-lines problem, try this next: copy the full question and diagram, state what you need to find, and show each equation you used. Check whether the lines are parallel or perpendicular, then identify the angle relationship: vertical angles are equal, a linear pair sums to \(180^\circ\), and corresponding or alternate interior angles are equal when parallel lines are cut by a transversal. Substitute the angle expressions, solve for the variable, and plug it back in to verify. When asking for help, say something specific such as: “I got \(x=\_\_\) using \(\_\_\) angle relationship, but it was marked wrong. Where did my setup go wrong?”","Nothing in the exchange shows the actual geometry problem, your work, or an answer, so there isn’t enough information to identify a mathematical mistake. Also, “yezir” likely means “yes, sir,” so the tutor may have understood that you had already finished and did not need help.

For a geometric-line",0.016886358261108292,0.010681004867847486
"Your setup is correct:

\[
\frac{x-5}{x}=0.8
\]

The mistake is in simplifying. Multiplying both sides by \(x\) gives:

\[
x-5=0.8x
\]

Then solve:

\[
x-0.8x=5
\]
\[
0.2x=5
\]
\[
x=25
\]

Therefore, the quiz had **25 items**. Louie answered \(25-5=20\) correctly, and \(\frac{20}{25}=0.8=80\%\). If there were only 20 items, 5 mistakes would mean 15 correct, which is \(75\%\), not \(80\%\).","Your setup is correct:

\[
\frac{x-5}{x}=0.8
\]

The mistake is in simplifying. Multiplying both sides by \(x\) gives:

\[
x-5=0.8x
\]

Then solve:

\[
x-0.8x=5
\]
\[
0.2x=5
\]
\[
x=25
\]

Therefore, the quiz had **25 items**. Louie answered \(25-5=20\) correctly, and \(\frac{20}{25}=0.8=80\%\). If ",0.011474077701568497,0.014316699575634197
"Your answer, **4 m**, is a length, but the tutor asked for an **area**. Area measures the space inside a rectangle, so its unit must be **square meters (m²)**.

Look at the pink rectangle and identify its two side lengths: its length and width. Then use  
**area = length × width**.  
Multiply those two measurements and label the result **m²**. If 4 m is one side, you still need the measurement of the perpendicular side before you can calculate the area.","Your answer, **4 m**, is a length, but the tutor asked for an **area**. Area measures the space inside a rectangle, so its unit must be **square meters (m²)**.

Look at the pink rectangle and identify its two side lengths: its length and width. Then use  
**area = length × width**.  
Multiply those ",0.014175271987915572,0.017138556358846126
"Your mistake is in saying he “must have started with \(14+6=20\).” Since Fred **earned** \$6, that money increased his amount. Therefore, before earning the \$6, he had \(14-6=8\) dollars left.

After spending half his allowance, Fred had the other half remaining. Let \(x\) be his weekly allowance:

\[
\frac{x}{2}+6=14
\]

Subtract 6:

\[
\frac{x}{2}=8
\]

Multiply by 2:

\[
x=16
\]

So Fred’s weekly allowance was **\$16**. Check: He spent half (\$8), had \$8 left, earned \$6, and ended with \$14.","Your mistake is in saying he “must have started with \(14+6=20\).” Since Fred **earned** \$6, that money increased his amount. Therefore, before earning the \$6, he had \(14-6=8\) dollars left.

After spending half his allowance, Fred had the other half remaining. Let \(x\) be his weekly allowance:
",0.03139942646026661,0.01376530238281733
"Your answer “3,2” may be correct numerically, but a coordinate should be written as an ordered pair: **(3, 2)**. The first number is the **x-coordinate** (move 3 units right from the origin), and the second is the **y-coordinate** (move 2 units up). The point should land where those positions intersect.

Check the graph carefully: start at **(0,0)**, move horizontally first, then vertically. If the point is left of the y-axis, x must be negative; if it is below the x-axis, y must be negative. Since the actual graph or question is not included here, I cannot confirm whether **(3,2)** is the intended point, but using this method will help you verify both the numbers and their signs.","Your answer “3,2” may be correct numerically, but a coordinate should be written as an ordered pair: **(3, 2)**. The first number is the **x-coordinate** (move 3 units right from the origin), and the second is the **y-coordinate** (move 2 units up). The point should land where those positions inters",0.006312997341155757,0.013681302567429396
"It looks like you may have added instead of multiplied. The exponent 5 in \(10^5\) means multiply five 10s together, not add them.

Try one step at a time: \(10\times10=100\). Then multiply that result by 10 again. Each time you multiply by 10, add one zero to the end. Continue until you have used all five 10s, and then count the zeros in your result to check that it matches the exponent.","It looks like you may have added instead of multiplied. The exponent 5 in \(10^5\) means multiply five 10s together, not add them.

Try one step at a time: \(10\times10=100\). Then multiply that result by 10 again. Each time you multiply by 10, add one zero to the end. Continue until you have used a",0.00813898801803603,0.010732289735143721
