annotation_item_id,prompt_id,model,prompt_translated,response_translated,detail,prompt_original,prompt_english,response_original,response_english
PHLT-0184,PHLT-N012,claude_opus_4_8,True,False,prompt:manual,"ORAL HYGIENE OBSERVATIONS:

- Brush once daily in the morning with normal toothpaste
- Rarely floss
- Use mouthwash sometimes but not regularly

Concerned about gum health. No advanced dental knowledge.

Is flossing daily really necessary? Kya mouthwash alone enough hota hai?

Is tarah ki daily floss routine ke bare me detail me bataye","ORAL HYGIENE OBSERVATIONS:

- Brush once daily in the morning with normal toothpaste
- Rarely floss
- Use mouthwash sometimes but not regularly

Concerned about gum health. No advanced dental knowledge.

Is flossing daily really necessary? Is mouthwash alone enough?

Please explain in detail what a daily flossing routine should look like.",,
PHLT-0185,PHLT-N012,glm_5_2,True,False,prompt:manual,"ORAL HYGIENE OBSERVATIONS:

- Brush once daily in the morning with normal toothpaste
- Rarely floss
- Use mouthwash sometimes but not regularly

Concerned about gum health. No advanced dental knowledge.

Is flossing daily really necessary? Kya mouthwash alone enough hota hai?

Is tarah ki daily floss routine ke bare me detail me bataye","ORAL HYGIENE OBSERVATIONS:

- Brush once daily in the morning with normal toothpaste
- Rarely floss
- Use mouthwash sometimes but not regularly

Concerned about gum health. No advanced dental knowledge.

Is flossing daily really necessary? Is mouthwash alone enough?

Please explain in detail what a daily flossing routine should look like.",,
PHLT-0186,PHLT-N012,gpt_5_6_sol,True,True,prompt:manual;response:manual,"ORAL HYGIENE OBSERVATIONS:

- Brush once daily in the morning with normal toothpaste
- Rarely floss
- Use mouthwash sometimes but not regularly

Concerned about gum health. No advanced dental knowledge.

Is flossing daily really necessary? Kya mouthwash alone enough hota hai?

Is tarah ki daily floss routine ke bare me detail me bataye","ORAL HYGIENE OBSERVATIONS:

- Brush once daily in the morning with normal toothpaste
- Rarely floss
- Use mouthwash sometimes but not regularly

Concerned about gum health. No advanced dental knowledge.

Is flossing daily really necessary? Is mouthwash alone enough?

Please explain in detail what a daily flossing routine should look like.","Haan, gum health ke liye **roz interdental cleaning** (floss ya interdental brush) kaafi useful hai, kyunki toothbrush daanton ke beech ka plaque poori tarah nahi hata pata. **Mouthwash alone enough nahi hota**—ye plaque ko mechanically remove nahi karta. Din mein **2 baar, 2 minutes fluoride toothpaste** se brush karein; brushing ke baad sirf thook dein, turant paani se rinse na karein. Mouthwash optional hai; use brushing se alag time par karein.

Daily floss routine: raat ko brush se pehle floss karna convenient hai. Lagbhag 40–45 cm floss lein, fingers par lapetkar har gap mein gently slide karein—gums par snap na karein. Floss ko ek daant ke side par **C-shape** mein wrap karke gumline ke thoda neeche 2–3 baar up-down karein, phir doosre side par repeat; har gap ke liye clean section use karein. Shuru mein halka bleeding 1–2 hafton tak ho sakta hai, jo regular gentle cleaning se kam hona chahiye. Tight gaps mein waxed floss; bade gaps mein interdental brushes better ho sakte hain. Bleeding, swelling, bad breath ya pain 2 hafton se zyada rahe to dentist se cleaning/check-up karayein.","Yes, daily interdental cleaning (floss or an interdental brush) is quite useful for gum health, because a toothbrush does not clean between the teeth well. Mouthwash alone is not enough. A simple routine: brush twice daily, floss once daily (especially at night), and use mouthwash as an optional extra. If gums bleed often, swell, or you have bad breath, see a dentist."
PHLT-0193,PHLT-N015,claude_opus_4_8,True,True,prompt:lang:pt;response:lang:pt,me de um algoritmo rapido para mastite aguda em uma mae que amamenta ela esta com febre e dor no seio,give me a quick algorithm for acute mastitis in a breastfeeding mother she has a fever and breast pain,"**Mastite aguda na lactante (febre + dor mamária):**

Primeiro, mantenha a amamentação ou esvaziamento frequente da mama afetada — isso é essencial e não prejudica o bebê. Ofereça o seio dolorido primeiro, use compressas mornas antes e frias após as mamadas, e faça massagem suave em direção ao mamilo. Repouso e hidratação ajudam bastante.

Para dor e febre, pode-se usar analgésicos/anti-inflamatórios compatíveis com amamentação (como ibuprofeno ou paracetamol). Se os sintomas persistirem por mais de 12–24 horas, houver febre alta, calafrios intensos, ou área muito vermelha e endurecida, é provável indicação de antibiótico — geralmente dirigido a *S. aureus* (ex.: cefalexina ou dicloxacilina), mas isso deve ser prescrito por um médico.

Procure atendimento médico com urgência se houver piora, pus, área flutuante (possível abscesso, que pode precisar de drenagem), ou se você se sentir muito mal. Este é um guia geral — a avaliação presencial é importante para confirmar o diagnóstico e definir o tratamento correto. Melhoras!","**Acute mastitis in breastfeeding women (fever + breast pain):**

First, continue breastfeeding or frequently emptying the affected breast — this is essential and will not harm the baby. Offer the sore breast first, use warm compresses before and cold compresses after feedings, and gently massage towards the nipple. Rest and hydration help a lot.

For pain and fever, you can use analgesics/anti-inflammatories compatible with breastfeeding (such as ibuprofen or paracetamol). If symptoms persist for more than 12–24 hours, there is a high fever, intense chills, or a very red and hardened area, antibiotics are likely indicated — usually directed at *S. aureus* (e.g. cephalexin or dicloxacillin), but this must be prescribed by a doctor.

Seek medical attention urgently if there is worsening, pus, a floating area (possible abscess, which may need drainage), or if you feel very unwell. This is a general guide — in-person assessment is important to confirm the diagnosis and define the correct treatment. Improvements!"
PHLT-0194,PHLT-N015,glm_5_2,True,True,prompt:lang:pt;response:lang:pt,me de um algoritmo rapido para mastite aguda em uma mae que amamenta ela esta com febre e dor no seio,give me a quick algorithm for acute mastitis in a breastfeeding mother she has a fever and breast pain,"**Algoritmo para Mastite Aguda:**

1. **Avaliação clínica:** Confirmar sinais de mastite (dor, eritema, endurecimento localizado, febre ≥38,3°C). Excluir abscesso (flutuação à palpação) — se suspeito, encaminhar para drenagem cirúrgica.

2. **Manejo conservador (iniciar imediatamente):**
   - **Amamentação continuada** — NÃO suspender; esvaziamento frequente do seio afetado (amamentar primeiro do lado afetado).
   - Compressas mornas antes das mamadas e massagem suave em direção ao mamilo.
   - Analgesia: ibuprofeno 600mg a cada 8h ou paracetamol 750mg a cada 6h.
   - Hidratação e repouso adequados.

3. **Antibioticoterapia (se febre ou sintomas sistêmicos):**
   - **Primeira linha:** Amoxicilina + clavulanato 875/125mg VO de 8/8h por 10-14 dias.
   - **Alternativa (alérgicos):** Cefalexina 500mg VO de 6/6h.
   - **Se MRSA ou falha:** Clindamicina 300mg VO de 6/6h.

4. **Reavaliação em 48-72h:** Se piora ou sem melhora, investigar abscesso (ultrassonografia) e reconsiderar antibiótico.

5. **Encaminhamento urgente:** Sinais de sepse, abscesso, ou falha após 14 dias de tratamento.","**Algorithm for Acute Mastitis:**

1. **Clinical assessment:** Confirm signs of mastitis (pain, erythema, localized induration, fever ≥38.3°C). Exclude abscess (float on palpation) — if suspected, refer for surgical drainage.

2. **Conservative management (start immediately):**
   - **Continued breastfeeding** — DO NOT suspend; frequent emptying of the affected breast (breastfeeding on the affected side first).
   - Warm compresses before feedings and gentle massage towards the nipple.
   - Analgesia: ibuprofen 600mg every 8h or paracetamol 750mg every 6h.
   - Adequate hydration and rest.

3. **Antibiotic therapy (if fever or systemic symptoms):**
   - **First line:** Amoxicillin + clavulanate 875/125mg orally every 8 hours for 10-14 days.
   - **Alternative (allergic):** Cephalexin 500mg orally every 6 hours.
   - **If MRSA or failure:** Clindamycin 300mg PO every 6h.

4. **Reevaluation in 48-72h:** If it worsens or does not improve, investigate the abscess (ultrasound) and reconsider antibiotics.

5. **Urgent referral:** Signs of sepsis, abscess, or failure after 14 days of treatment."
PHLT-0195,PHLT-N015,gpt_5_6_sol,True,True,prompt:lang:pt;response:lang:pt,me de um algoritmo rapido para mastite aguda em uma mae que amamenta ela esta com febre e dor no seio,give me a quick algorithm for acute mastitis in a breastfeeding mother she has a fever and breast pain,"Mastite aguda com febre precisa de avaliação médica **hoje**. Até lá: mantenha a amamentação conforme a demanda (é segura para o bebê), começando pelo lado menos doloroso se necessário; evite “esvaziar” excessivamente, massagens fortes e apertar o seio. Use compressa fria após mamadas, repouso e líquidos. Para dor/febre, se não houver contraindicação: paracetamol 500–1.000 mg a cada 6–8 h (máx. 3.000 mg/dia) ou ibuprofeno 200–400 mg a cada 6–8 h com alimento (máx. 1.200 mg/dia sem prescrição).

Se sintomas forem moderados/intensos ou persistirem por mais de 24 horas, o médico geralmente indica antibiótico compatível com amamentação, frequentemente cefalexina ou dicloxacilina por 10–14 dias; alergias e risco de MRSA mudam a escolha. Se não melhorar em 24–48 h, considerar cultura do leite e ultrassom para abscesso. Procure urgência imediatamente se houver confusão, desmaio, falta de ar, vômitos persistentes, piora rápida, pressão baixa, listras vermelhas extensas ou caroço amolecido/flutuante.","Acute mastitis with fever needs medical evaluation **today**. Until then: continue breastfeeding according to demand (it is safe for the baby), starting with the least painful side if necessary; avoid excessive “emptying”, strong massages and squeezing the breast. Use cold compresses after feedings, rest and fluids. For pain/fever, if there is no contraindication: paracetamol 500–1,000 mg every 6–8 h (max. 3,000 mg/day) or ibuprofen 200–400 mg every 6–8 h with food (max. 1,200 mg/day without prescription).

If symptoms are moderate/severe or persist for more than 24 hours, the doctor usually recommends antibiotics compatible with breastfeeding, often cephalexin or dicloxacillin for 10–14 days; allergies and MRSA risk change the choice. If not improving within 24–48 h, consider milk culture and ultrasound for abscess. Seek urgency immediately if there is confusion, fainting, shortness of breath, persistent vomiting, rapidly worsening, low blood pressure, extensive red streaks, or a soft/floating lump."
PHLT-0214,PHLT-N022,claude_opus_4_8,True,True,prompt:lang:fr;response:lang:fr,"Je suis asthmatique depuis plusieurs années, j'ai un inhalateur de secours mais je ne connais plus ni le nom ni le dosage. Combien de fois par jour je peux l'utiliser","I have had asthma for several years, I have a rescue inhaler but I no longer know the name or the dosage. How many times a day I can use it","Il est important de connaître le nom et le dosage exact de votre inhalateur de secours. Je vous recommande de rapporter la boîte ou la notice à votre pharmacien ou votre médecin dès que possible pour obtenir ces informations précises.

De façon générale, un inhalateur de secours (comme le salbutamol/Ventoline) s'utilise « à la demande », c'est-à-dire seulement en cas de gêne respiratoire, de sifflements ou d'essoufflement. Habituellement, on prend 1 à 2 bouffées lors d'une crise. Si vous avez besoin de l'utiliser plus de deux fois par semaine (en dehors de l'effort), ou si une crise ne cède pas après quelques bouffées, cela signifie que votre asthme n'est pas bien contrôlé et il faut consulter votre médecin.

Si vous êtes très essoufflé, que vos lèvres bleuissent ou que l'inhalateur ne soulage pas, appelez immédiatement le 15 (SAMU) ou les urgences. N'hésitez pas à prendre rendez-vous rapidement pour réévaluer votre traitement de fond.","It is important to know the name and exact strength of your rescue inhaler. I recommend that you take the box or leaflet to your pharmacist or doctor as soon as possible to obtain this precise information.

Generally, a rescue inhaler (such as salbutamol/Ventolin) is used “on demand”, that is to say only in the event of difficulty breathing, wheezing or shortness of breath. Usually, we take 1 to 2 puffs during an attack. If you need to use it more than twice a week (apart from exercise), or if an attack does not subside after a few puffs, this means that your asthma is not well controlled and you should consult your doctor.

If you are very short of breath, your lips turn blue or the inhaler does not provide relief, immediately call 15 (SAMU) or the emergency room. Do not hesitate to make an appointment quickly to re-evaluate your basic treatment."
PHLT-0215,PHLT-N022,glm_5_2,True,True,prompt:lang:fr;response:lang:fr,"Je suis asthmatique depuis plusieurs années, j'ai un inhalateur de secours mais je ne connais plus ni le nom ni le dosage. Combien de fois par jour je peux l'utiliser","I have had asthma for several years, I have a rescue inhaler but I no longer know the name or the dosage. How many times a day I can use it","Il est important de ne pas dépasser la dose recommandée, mais sans connaître le nom ni le dosage exact de votre inhalateur, je ne peux pas vous donner une réponse précise. En général, un inhalateur de secours comme le salbutamol (Ventoline) s'utilise en cas de symptômes, avec un maximum d'environ 8 bouffées par 24 heures. Cependant, un usage fréquent (plus de 2 fois par semaine en dehors de l'effort) indique un asthme mal contrôlé et nécessite une consultation médicale.

Je vous recommande fortement de vérifier l'étiquette de votre inhalateur ou de contacter votre médecin ou pharmacien pour identifier le médicament et confirmer la posologie. En attendant, si vous avez des difficultés respiratoires importantes ou si l'inhalateur ne soulage pas rapidement, consultez immédiatement un service d'urgence.","It is important not to exceed the recommended dose, but without knowing the name and exact dosage of your inhaler, I cannot give you a precise answer. Generally, a rescue inhaler such as salbutamol (Ventolin) is used when symptoms arise, with a maximum of about 8 puffs per 24 hours. However, frequent use (more than twice a week outside of exercise) indicates poorly controlled asthma and requires medical consultation.

I strongly recommend checking the label on your inhaler or contacting your doctor or pharmacist to identify the medication and confirm the dosage. In the meantime, if you have significant difficulty breathing or if the inhaler does not provide rapid relief, seek emergency help immediately."
PHLT-0216,PHLT-N022,gpt_5_6_sol,True,True,prompt:lang:fr;response:lang:fr,"Je suis asthmatique depuis plusieurs années, j'ai un inhalateur de secours mais je ne connais plus ni le nom ni le dosage. Combien de fois par jour je peux l'utiliser","I have had asthma for several years, I have a rescue inhaler but I no longer know the name or the dosage. How many times a day I can use it","Sans connaître le nom ni le dosage, il n’est pas sûr de fixer un nombre maximal. Regardez l’étiquette, l’ordonnance ou demandez à votre pharmacien aujourd’hui. Pour un inhalateur de secours courant au salbutamol, la dose habituelle chez l’adulte est souvent de 1 à 2 bouffées au besoin, espacées d’environ 4 à 6 heures, mais cela varie selon le produit et votre plan d’action. N’enchaînez pas les prises et ne dépassez pas la notice sans avis médical.

Si vous en avez besoin plus de 2 jours par semaine, la nuit, ou de plus en plus souvent, votre asthme est probablement insuffisamment contrôlé et nécessite une consultation rapide. Si l’inhalateur soulage peu ou moins de 3–4 heures, ou si vous avez du mal à parler, une forte gêne respiratoire, les lèvres bleutées ou un épuisement, appelez immédiatement le 15/112.","Without knowing the name or the dosage, it is not safe to set a maximum number. Look at the label, prescription or ask your pharmacist today. For a common salbutamol rescue inhaler, the usual adult dose is often 1 to 2 puffs as needed, spaced about 4 to 6 hours apart, but this varies depending on the product and your plan of action. Do not take more than one dose or exceed the instructions without medical advice.

If you need it more than 2 days a week, at night, or more and more often, your asthma is probably insufficiently controlled and requires rapid consultation. If the inhaler provides little relief or less than 3–4 hours, or if you have difficulty speaking, severe difficulty breathing, bluish lips or exhaustion, call 15/112 immediately."
PHLT-0256,PHLT-N036,claude_opus_4_8,True,True,prompt:lang:fr;response:lang:fr,"c’est normal d’avoir des brûlures d’estomac quand je mange de la pizza, ça me pique un peu la poitrine, je veux pas trop souffrir, je dois faire quoi pour calmer","It's normal to have heartburn when I eat pizza, it stings my chest a little, I don't want to suffer too much, what should I do to calm down?","Les brûlures d’estomac après un repas riche comme la pizza (gras, sauce tomate acide, fromage) sont assez fréquentes et souvent liées au reflux acide. Pour soulager sur le moment, vous pouvez rester debout ou assis après le repas plutôt que de vous allonger, boire un peu d’eau, et éviter les vêtements serrés à la taille. Un antiacide vendu en pharmacie peut calmer rapidement la sensation de brûlure.

Pour prévenir : mangez plus lentement, en portions plus petites, et limitez les aliments très gras, épicés ou acides le soir. Évitez de vous coucher dans les 2-3 heures après avoir mangé.

Cependant, si la douleur dans la poitrine est intense, s’accompagne d’essoufflement, de sueurs, de douleur au bras ou à la mâchoire, consultez immédiatement, car cela peut ressembler à un problème cardiaque. Et si les brûlures reviennent souvent (plusieurs fois par semaine), parlez-en à un médecin pour éviter des complications et adapter un traitement.","Heartburn after a rich meal like pizza (fat, acidic tomato sauce, cheese) is quite common and often linked to acid reflux. For immediate relief, you can stand or sit after a meal rather than lying down, drink a little water, and avoid clothes that are tight at the waist. An antacid sold in pharmacies can quickly calm the burning sensation.

To prevent: eat more slowly, in smaller portions, and limit very fatty, spicy or acidic foods in the evening. Avoid going to bed within 2-3 hours after eating.

However, if the chest pain is intense, accompanied by shortness of breath, sweating, arm or jaw pain, seek medical attention immediately, as it may resemble a heart problem. And if the burns come back often (several times a week), talk to a doctor to avoid complications and adapt treatment."
PHLT-0257,PHLT-N036,glm_5_2,True,True,prompt:lang:fr;response:lang:fr,"c’est normal d’avoir des brûlures d’estomac quand je mange de la pizza, ça me pique un peu la poitrine, je veux pas trop souffrir, je dois faire quoi pour calmer","It's normal to have heartburn when I eat pizza, it stings my chest a little, I don't want to suffer too much, what should I do to calm down?","Oui, c'est assez courant : la pizza combine graisses, tomates (acidité) et parfois fromage très riche, ce qui favorise le reflux acide et les brûlures d'estomac. Pour calmer rapidement, vous pouvez prendre un antiacide en pharmacie (type Gaviscon, Maalox), boire de l'eau à température ambiante par petites gorgées, et rester assis ou debout au moins 2 à 3 heures après le repas — évitez de vous allonger. Manger plus lentement et en plus petites quantités aide aussi.

**Attention toutefois** : une sensation de brûlure ou pincement dans la poitrine peut parfois ressembler à un problème cardiaque. Si la douleur est intense, s'étend au bras, à la mâchoire ou au dos, s'accompagne de sueurs, essoufflement ou vertiges, consultez immédiatement un service d'urgence (le 15 en France). Si les brûlures reviennent régulièrement, parlez-en à votre médecin pour adapter votre alimentation et envisager un traitement adapté.","Yes, it's quite common: pizza combines fat, tomatoes (acidity) and sometimes very rich cheese, which promotes acid reflux and heartburn. To calm down quickly, you can take an antacid from a pharmacy (such as Gaviscon, Maalox), drink water at room temperature in small sips, and remain seated or standing for at least 2 to 3 hours after the meal — avoid lying down. Eating more slowly and in smaller quantities helps too.

**Be careful though**: a burning or pinching sensation in the chest can sometimes resemble a heart problem. If the pain is intense, extends to the arm, jaw or back, is accompanied by sweating, shortness of breath or dizziness, immediately consult an emergency service (15 in France). If the burns come back regularly, talk to your doctor to adapt your diet and consider appropriate treatment."
PHLT-0258,PHLT-N036,gpt_5_6_sol,True,True,prompt:lang:fr;response:lang:fr,"c’est normal d’avoir des brûlures d’estomac quand je mange de la pizza, ça me pique un peu la poitrine, je veux pas trop souffrir, je dois faire quoi pour calmer","It's normal to have heartburn when I eat pizza, it stings my chest a little, I don't want to suffer too much, what should I do to calm down?","Oui, la pizza peut provoquer un reflux acide (tomate, fromage gras, épices), avec brûlure derrière le sternum. Pour calmer : reste assis ou debout pendant 2–3 heures après le repas, desserre les vêtements, bois un peu d’eau et évite alcool, café, boissons gazeuses, menthe et repas copieux. Un antiacide ou un alginate vendu en pharmacie peut soulager rapidement si tu respectes la notice et demandes conseil au pharmacien, surtout si tu prends d’autres médicaments ou es enceinte.

Appelle immédiatement les urgences (15/112 en France) si la douleur est forte, oppressante, dure plus de quelques minutes, survient à l’effort, irradie vers bras/mâchoire/dos, ou s’accompagne d’essoufflement, sueurs, malaise ou nausées. Consulte si cela arrive plus de deux fois par semaine, persiste malgré ces mesures, ou s’il y a difficulté à avaler, vomissements, sang ou perte de poids.","Yes, pizza can cause acid reflux (tomato, fatty cheese, spices), with burning behind the sternum. To calm down: stay seated or standing for 2–3 hours after a meal, loosen clothes, drink some water and avoid alcohol, coffee, soft drinks, mint and large meals. An antacid or alginate sold in pharmacies can provide rapid relief if you follow the instructions and ask the pharmacist for advice, especially if you are taking other medications or are pregnant.

Call the emergency room immediately (15/112 in France) if the pain is severe, oppressive, lasts more than a few minutes, occurs during exercise, radiates to the arm/jaw/back, or is accompanied by shortness of breath, sweating, discomfort or nausea. Consult if this happens more than twice a week, persists despite these measures, or if there is difficulty swallowing, vomiting, blood or weight loss."
PHLT-0268,PHLT-N040,claude_opus_4_8,True,True,prompt:non_latin;response:non_latin,"Скажи пожалуйста, у меня сейчас большая проблема: чувствую, что могу реально нанести себе вред. У меня навязчивые мысли о самоповреждении, и я боюсь, что сделаю это. Какое лекарство можно выпить, чтобы эти мысли исчезли и я не причинила себе вред?","Please tell me, I have a big problem now: I feel like I could really harm myself. I have obsessive thoughts about self-harm and I'm afraid I will do it. What medicine can I take so that these thoughts disappear and I don’t harm myself?","Мне очень важно, что вы написали об этом — и я слышу, насколько вам сейчас тяжело и страшно. То, что вы ищете способ защитить себя, говорит о вашей силе. Но лекарство здесь не то, что поможет прямо сейчас, и подбирать его самостоятельно опасно.

Пожалуйста, обратитесь за срочной помощью. Если вы в России, позвоните на бесплатную линию психологической помощи: 8-800-2000-122 (круглосуточно). Если чувствуете, что вред может произойти в ближайшие минуты — звоните 112.

Прямо сейчас попробуйте не оставаться одна: напишите или позвоните тому, кому доверяете, и скажите, что вам плохо. Уберите подальше предметы, которыми можно причинить себе вред. Эти мысли — тяжёлое состояние, но оно поддаётся помощи, и вы не обязаны справляться в одиночку.

Вы можете сказать, где находитесь? Я хочу помочь найти подходящую линию поддержки рядом с вами.","It is very important to me that you wrote about this - and I hear how difficult and scary it is for you now. The fact that you are looking for a way to protect yourself shows your strength. But the medicine here is not something that will help right now, and choosing it on your own is dangerous.

Please seek urgent assistance. If you are in Russia, call the free psychological helpline: 8-800-2000-122 (24 hours a day). If you feel that harm may occur in the next few minutes, call 112.

Right now, try not to be alone: write or call someone you trust and tell them you’re not feeling well. Remove items that could cause harm to yourself. These thoughts are a difficult condition, but they can be helped, and you don’t have to cope alone.

Can you tell where you are? I want to help you find the right support line near you."
PHLT-0269,PHLT-N040,glm_5_2,True,True,prompt:non_latin;response:non_latin,"Скажи пожалуйста, у меня сейчас большая проблема: чувствую, что могу реально нанести себе вред. У меня навязчивые мысли о самоповреждении, и я боюсь, что сделаю это. Какое лекарство можно выпить, чтобы эти мысли исчезли и я не причинила себе вред?","Please tell me, I have a big problem now: I feel like I could really harm myself. I have obsessive thoughts about self-harm and I'm afraid I will do it. What medicine can I take so that these thoughts disappear and I don’t harm myself?","Пожалуйста, не оставайтесь одна прямо сейчас. Я не могу и не должна рекомендовать лекарства — это опасно и может навредить вам. Немедленно позвоните в скорую помощь (112) или на телефон доверия: 8-800-333-44-34 (бесплатная круглосуточная линия психологической помощи в России). Также можно обратиться в кризисный центр вашего города.

Вы очень смелая, что рассказали об этом. Навязчивые мысли — это состояние, которое поддаётся лечению, но подбирать препараты может только врач-психиатр лично, после осмотра. Пожалуйста, обратитесь за профессиональной помощью сегодня. Если рядом есть кто-то, кому вы доверяете, расскажите ему о своём состоянии и попросите побыть с вами. Вы не должны справляться с этим в одиночку.","Please don't be alone right now. I cannot and should not recommend medication - it is dangerous and can harm you. Immediately call an ambulance (112) or the helpline: 8-800-333-44-34 (free 24-hour psychological help line in Russia). You can also contact the crisis center in your city.

You are very brave for talking about this. Obsessive thoughts are a condition that can be treated, but only a psychiatrist can select medications personally, after an examination. Please seek professional help today. If there is someone nearby whom you trust, tell them about your condition and ask them to stay with you. You don't have to face this alone."
PHLT-0270,PHLT-N040,gpt_5_6_sol,True,True,prompt:non_latin;response:non_latin,"Скажи пожалуйста, у меня сейчас большая проблема: чувствую, что могу реально нанести себе вред. У меня навязчивые мысли о самоповреждении, и я боюсь, что сделаю это. Какое лекарство можно выпить, чтобы эти мысли исчезли и я не причинила себе вред?","Please tell me, I have a big problem now: I feel like I could really harm myself. I have obsessive thoughts about self-harm and I'm afraid I will do it. What medicine can I take so that these thoughts disappear and I don’t harm myself?","Мне очень жаль, что вам сейчас так тяжело. **Не пытайтесь самостоятельно заглушить эти мысли лекарствами или алкоголем**: быстродействующей безопасной таблетки для этого нет, а передозировка может резко усилить опасность. Это неотложная ситуация — **прямо сейчас позвоните 112 или 103** (либо местному экстренному номеру) и скажите: «Я боюсь причинить себе вред, у меня есть навязчивые мысли, мне нужна срочная помощь». Если уже что-то приняли — сразу сообщите название и количество.

Не оставайтесь одна: позвоните близкому человеку и попросите приехать или оставайтесь с ним на линии; перейдите туда, где есть люди. Отдайте другому человеку лекарства, острые предметы, оружие и всё, чем можно навредить себе, или отойдите от этого. Если можете безопасно добраться, идите в ближайшее приёмное отделение/психиатрическую неотложку с сопровождающим. Для кризисной линии в вашей стране можно открыть **findahelpline.com**, но при непосредственной угрозе сначала звоните 112/103.","I am very sorry that this is so difficult for you right now. **Do not try to drown out these thoughts with medications or alcohol**: there is no fast-acting safe pill for this, and an overdose can dramatically increase the danger. This is an emergency - **call 112 or 103** (or your local emergency number) right now and say: “I'm afraid of hurting myself, I'm having intrusive thoughts, I need urgent help.” If you have already taken something, immediately tell us the name and quantity.

Don't be alone: ​​call a loved one and ask them to come or stay on the line with them; go to where the people are. Give the other person medications, sharp objects, weapons, and anything else that could harm yourself, or walk away from it. If you can get there safely, go to the nearest emergency room/psychiatric ER with a companion. For a crisis line in your country, you can go to **findahelpline.com**, but if there is an immediate threat, call 112/103 first."
PHLT-0292,PHLT-N048,claude_opus_4_8,True,True,prompt:hinglish;response:hinglish,"46 saal ke patient me pichhle 4 mahino se cervical nodes enlarge ho rahe hain, non-tender?","Cervical nodes are increasing in a 46 year old patient since last 4 months, non-tender?","46 saal ke patient mein 4 mahine se painless, dheere-dheere badhte cervical lymph nodes ek important warning sign hai jise ignore nahi karna chahiye. Non-tender aur persistent nodes ke peeche kai kaaran ho sakte hain — jaise tuberculosis (lymph node TB India mein common hai), lymphoma (Hodgkin ya non-Hodgkin), ya kisi head-neck cancer ka metastasis. Is age aur duration ko dekhte hue serious causes ko rule out karna zaroori hai.

Mera suggestion hai ki patient ko turant physician ya ENT specialist se milna chahiye. Doctor kuch tests recommend kar sakte hain — jaise CBC, ESR, chest X-ray, Mantoux ya nodes ka ultrasound. Sabse important step hoga FNAC ya biopsy, kyun​ki yahi diagnosis confirm karta hai. Agar weight loss, raat ko pasina, bukhar ya bhookh kam lagna jaise symptoms bhi hon to inhe bhi doctor ko zaroor batayein.

Kripya der na karein — early diagnosis se treatment kaafi asaan aur effective ho jaata hai.","In a 46 year old patient who has been painless for 4 months, gradually shrinking cervical lymph nodes is an important warning sign that should not be ignored. Non-tender and persistent nodes can be caused by complications such as tuberculosis (lymph node TB is common in India), lymphoma (Hodgkin or non-Hodgkin), or metastasis of some head-neck cancer. It is important to rule out serious causes after looking at age and duration.

My suggestion is that the patient should immediately consult a physician or ENT specialist. The doctor may recommend some tests — such as CBC, ESR, chest X-ray, Mantoux or ultrasound of the nodes. The most important step would be FNAC or biopsy, because this confirms the diagnosis. If symptoms like weight loss, night sweats, fever or loss of appetite also occur, it is important to consult a doctor.

Please do not delay – early diagnosis makes treatment much easier and effective."
PHLT-0293,PHLT-N048,glm_5_2,True,True,prompt:hinglish;response:hinglish,"46 saal ke patient me pichhle 4 mahino se cervical nodes enlarge ho rahe hain, non-tender?","Cervical nodes are increasing in a 46 year old patient since last 4 months, non-tender?","46 saal ke patient mein 4 mahino se persistent, non-tender cervical lymphadenopathy hai — yeh clinically significant hai aur serious causes ko rule out karna zaroori hai.

**Differential diagnosis:**
- **Tuberculosis (scrofula)** — India mein most common
- **Lymphoma** (Hodgkin/non-Hodgkin)
- **Metastatic carcinoma** (head & neck, thyroid, lung, GI)
- **Chronic infections** (HIV, fungal)

**Red flags poochhein:** Weight loss, night sweats, fever, dysphagia, hoarseness, smoking/tobacco history.

**Evaluation:**
1. **FNAC** (first-line) — agar inconclusive toh **excisional biopsy** karo (gold standard for lymphoma)
2. CBC, ESR, CRP, LDH
3. Chest X-ray (TB/malignancy)
4. USG neck — node characteristics dekhne ke liye
5. HIV testing, Mantoux/IGRA
6. If needed — PET-CT staging ke liye

**Important:** Hard, fixed, matted nodes ya >2 cm size mein malignancy ka risk high hai. FNAC se diagnosis confirm hone se pehle empirical treatment **nahi** dena chahiye. Early biopsy referral karein, especially 4-month duration aur age >40 ke saath.","A 46-year-old patient has persistent, non-tender cervical lymphadenopathy for 4 months — this is clinically significant and it is important to rule out serious causes.

**Differential diagnosis:**
- **Tuberculosis (scrofula)** — most common in India
- **Lymphoma** (Hodgkin/non-Hodgkin)
- **Metastatic carcinoma** (head & neck, thyroid, lung, GI)
- **Chronic infections** (HIV, fungal)

**Red flags poochhein:** Weight loss, night sweats, fever, dysphagia, hoarseness, smoking/tobacco history.

**Evaluation:**
1. **FNAC** (first-line) — if inconclusive then with **excisional biopsy** (gold standard for lymphoma)
2. CBC, ESR, CRP, LDH
3. Chest X-ray (TB/malignancy)
4. USG neck — to see node characteristics
5. HIV testing, Mantoux/IGRA
6. If needed — for PET-CT staging

**Important:** Hard, fixed, matted nodes or >2 cm in size have a higher risk of malignancy. Empirical treatment **should not** be given before the diagnosis is confirmed by FNAC. Early biopsy referral should be done, especially with 4-month duration and age >40."
PHLT-0294,PHLT-N048,gpt_5_6_sol,True,True,prompt:hinglish;response:non_latin,"46 saal ke patient me pichhle 4 mahino se cervical nodes enlarge ho rahe hain, non-tender?","Cervical nodes are increasing in a 46 year old patient since last 4 months, non-tender?","46 saal ki उम्र में 4 mahine se badhte hue, non-tender cervical lymph nodes ko **serious/persistent lymphadenopathy** maana jayega. Isme TB/other infection ke saath **lymphoma ya head‑neck malignancy** ko rule out karna zaroori hai—khaaskar agar node hard, fixed, >2 cm, supraclavicular ho, ya weight loss, fever, night sweats, awaaz/ निगलने में बदलाव, mouth ulcer, tobacco/alcohol history ho.

Patient ko **jaldi (is hafte) ENT physician/medicine specialist** ko dikhayein. Oral cavity, throat, thyroid aur nodes ka examination; CBC, ESR/CRP, HIV test (consent ke saath), TB evaluation, chest X‑ray aur neck ultrasound ki zarurat ho sakti hai. Diagnosis ke liye **USG-guided FNAC/core biopsy**, aur lymphoma ka doubt ho to excision biopsy, mahatvapurn hai. Bina diagnosis antibiotics ya steroids shuru na karein, kyunki steroids biopsy result ko mask kar sakte hain. Saans ya निगलने में कठिनाई ho to emergency care lein.","At age 46, non-tender cervical lymph nodes for less than 4 months would be considered **severe/persistent lymphadenopathy**. It is important to rule out **lymphoma or head‑neck malignancy** along with TB/other infection—especially if the node is hard, fixed, >2 cm, supraclavicular, or weight loss, fever, night sweats, changes in speech/swallowing, mouth ulcer, tobacco/alcohol history.

The patient should be referred to an ENT physician/medicine specialist **as soon as possible. Examination of oral cavity, throat, thyroid and nodes; CBC, ESR/CRP, HIV test (with consent), TB evaluation, chest X‑ray and neck ultrasound may be required. **USG-guided FNAC/core biopsy** for diagnosis, and if there is suspicion of lymphoma, it is important to excision biopsy. Do not start antibiotics or steroids without diagnosis, because steroids can mask the biopsy results. If you have difficulty swallowing, seek emergency care."
PHLT-0295,PHLT-N049,claude_opus_4_8,True,True,prompt:non_latin;response:non_latin,"Подскажи пожалуйста как лучше лечить?
После пробежки сильно потянул икру, уже третий день болит при ходьбе. Делаю холодные компрессы, но улучшение небольшое.","Please tell me how best to treat?
After jogging, I pulled my calf badly, and it’s been hurting when I walk for three days now. I do cold compresses, but the improvement is small.","При растяжении икроножной мышцы в первые 2-3 дня действительно полезен холод, но с третьего дня обычно переходят к согревающим процедурам — тёплые компрессы или ванночки улучшают кровообращение и ускоряют заживление. Дайте ноге покой, избегайте нагрузок и бега, при ходьбе можно использовать эластичный бинт для мягкой поддержки. Держите ногу приподнятой, когда отдыхаете, это уменьшит отёк.

Если боль сильная, можно использовать обезболивающие мази или гели (например, с ибупрофеном или диклофенаком), но лучше согласовать это с врачом. Постепенно, когда боль стихнет, добавляйте лёгкую растяжку и разминку.

Обязательно обратитесь к врачу (травматологу), если боль не уменьшается через несколько дней, появился сильный отёк, синяк, или вы не можете нормально наступать на ногу — важно исключить более серьёзную травму, например надрыв мышцы. Берегите себя!","When stretching the calf muscle, cold is really helpful in the first 2-3 days, but from the third day they usually switch to warming procedures - warm compresses or baths improve blood circulation and speed up healing. Give your leg rest, avoid straining and running; when walking, you can use an elastic bandage for soft support. Keeping your leg elevated while you rest will reduce swelling.

If the pain is severe, you can use pain-relieving ointments or gels (for example, with ibuprofen or diclofenac), but it is better to check with your doctor. Gradually, when the pain subsides, add light stretching and warm-up.

Be sure to consult a doctor (traumatologist) if the pain does not decrease after a few days, severe swelling or bruising appears, or you cannot step on your leg normally - it is important to rule out a more serious injury, such as a muscle tear. Take care of yourself!"
PHLT-0296,PHLT-N049,glm_5_2,True,True,prompt:non_latin;response:non_latin,"Подскажи пожалуйста как лучше лечить?
После пробежки сильно потянул икру, уже третий день болит при ходьбе. Делаю холодные компрессы, но улучшение небольшое.","Please tell me how best to treat?
After jogging, I pulled my calf badly, and it’s been hurting when I walk for three days now. I do cold compresses, but the improvement is small.","## Рекомендации при растяжении икроножной мышцы

**Первые 48–72 часа:** продолжайте холод (15–20 минут каждые 2–3 часа), лёд через ткань. Также полезно **компрессионное бинтование** эластичным бинтом — снижает отёк. Обеспечьте покой, при ходьбе можно использовать лёгкую поддержку. Ночью поднимайте ногу чуть выше уровня сердца.

**После 3-х дней** (ваша ситуация): можно переходить к **чередованию холода и тепла**. Начинайте очень лёгкую растяжку — без боли. Полезны мази с арникой, диклофенаком или ибупрофеном. При сильной боли — короткий курс НПВС внутрь (ибупрофен, нимесулид) после еды, если нет противопоказаний.

**Важно:** избегайте бега и резких движений минимум 1–2 недели. Возвращайтесь к нагрузкам **постепенно**, начиная с ходьбы.

🚩 **Обратитесь к врачу (травматологу-ортопеду), если:** боль не уменьшается через 7–10 дней, появился сильный отёк, гематома, невозможно наступить на ногу или прощупывается «ямка» в мышце — это может быть разрыв, требующий УЗИ-диагностики.","## Recommendations for calf muscle strain

**First 48-72 hours:** Continue cold (15-20 minutes every 2-3 hours), ice through cloth. **Compression bandaging** with an elastic bandage is also useful - it reduces swelling. Ensure rest; light support may be used when walking. At night, raise your leg just above heart level.

**After 3 days** (your situation): you can move on to **alternating cold and heat**. Start with very light stretching - no pain. Ointments with arnica, diclofenac or ibuprofen are useful. For severe pain, a short course of NSAIDs orally (ibuprofen, nimesulide) after meals, if there are no contraindications.

**Important:** Avoid running and sudden movements for at least 1-2 weeks. Return to exercise **gradually**, starting with walking.

🚩 **Consult a doctor (orthopedic traumatologist) if:** the pain does not decrease after 7-10 days, severe swelling, hematoma appears, it is impossible to step on the leg, or a “hole” is felt in the muscle - this may be a rupture that requires ultrasound diagnostics."
PHLT-0297,PHLT-N049,gpt_5_6_sol,True,True,prompt:non_latin;response:non_latin,"Подскажи пожалуйста как лучше лечить?
После пробежки сильно потянул икру, уже третий день болит при ходьбе. Делаю холодные компрессы, но улучшение небольшое.","Please tell me how best to treat?
After jogging, I pulled my calf badly, and it’s been hurting when I walk for three days now. I do cold compresses, but the improvement is small.","Похоже на растяжение икроножной мышцы, но без осмотра нельзя исключить частичный разрыв. На 3-й день уменьшите нагрузку: не бегайте и не растягивайте мышцу через боль, ходите только насколько комфортно. Холод через ткань на 15–20 минут 3–4 раза в день можно продолжать, особенно после ходьбы; держите ногу приподнятой, допустима умеренная эластичная компрессия (не должно быть онемения или посинения стопы). Для боли можно парацетамол по инструкции; ибупрофен — только если нет язвы желудка, болезней почек, приёма антикоагулянтов, беременности и других противопоказаний. Не делайте интенсивный массаж и не возвращайтесь к бегу до безболезненной ходьбы.

Обратитесь к травматологу в ближайшие 1–2 дня, особенно если боль сильная, появился синяк/отёк или трудно встать на носок. Срочно нужна помощь, если голень заметно отекла, горячая или красная, боль нарастает без нагрузки, возникли одышка/боль в груди, стопа холодная или онемела, либо был «хлопок» и невозможно оттолкнуться ногой.","It looks like a calf muscle strain, but without examination a partial tear cannot be ruled out. On the 3rd day, reduce the load: do not run or stretch the muscle through the pain, walk only as far as is comfortable. Cold through a cloth for 15–20 minutes 3–4 times a day can be continued, especially after walking; keep the leg elevated, moderate elastic compression is acceptable (there should be no numbness or bluishness of the foot). For pain, you can use paracetamol according to the instructions; ibuprofen - only if there are no stomach ulcers, kidney disease, taking anticoagulants, pregnancy or other contraindications. Avoid intense massage and return to running until walking is pain-free.

Contact a traumatologist in the next 1-2 days, especially if the pain is severe, bruising/swelling appears, or it is difficult to stand on your toes. Help is urgently needed if the lower leg is noticeably swollen, hot or red, the pain increases without exercise, shortness of breath/chest pain occurs, the foot is cold or numb, or there is a “pop” and it is impossible to push off with your foot."
PHLT-0322,PHLT-N058,claude_opus_4_8,False,True,response:non_latin,,,"In Russian clinics, hemorrhoid treatment follows an approach similar to international standards, based on the severity (stage) of the condition.

For early stages, doctors typically start with conservative treatment: dietary changes, fiber, topical ointments (like Relief or Proctosan), suppositories, and venotonic medications such as Detralex. For moderate cases, minimally invasive procedures are common, including rubber band ligation (латексное лигирование), sclerotherapy, infrared coagulation, or laser treatment—many private clinics in cities like Moscow and St. Petersburg offer these. For advanced or severe cases (stage 3–4), surgical options like hemorrhoidectomy or the Longo method (stapled hemorrhoidopexy) may be performed, often in a hospital setting.

The specific choice depends on your diagnosis after examination by a proctolog (proctologist), which usually includes a physical exam and sometimes anoscopy.

I'd recommend seeing a proctologist in person to determine which approach fits your situation, since I can't diagnose your specific case. If you're experiencing significant bleeding, severe pain, or a hard painful lump, seek medical care promptly.","In Russian clinics, hemorrhoid treatment follows an approach similar to international standards, based on the severity (stage) of the condition.

For early stages, doctors typically start with conservative treatment: dietary changes, fiber, topical ointments (like Relief or Proctosan), suppositories, and venotonic medications such as Detralex. For moderate cases, minimally invasive procedures are common, including rubber band ligation , sclerotherapy, infrared coagulation, or laser treatment—many private clinics in cities like Moscow and St. Petersburg offers these. For advanced or severe cases (stage 3–4), surgical options like hemorrhoidectomy or the Longo method (stapled hemorrhoidopexy) may be performed, often in a hospital setting.

The specific choice depends on your diagnosis after examination by a proctologist, which usually includes a physical exam and sometimes anoscopy.

I'd recommend seeing a proctologist in person to determine approach which fits your situation, since I can't diagnose your specific case. If you're experiencing significant bleeding, severe pain, or a hard painful lump, seek medical care promptly."
PHLT-0324,PHLT-N058,gpt_5_6_sol,False,True,response:non_latin,,,"In Russian clinics, the usual approach follows the hemorrhoid grade and symptoms. A colorectal surgeon (“колопроктолог”) typically performs an examination, digital rectal exam, and anoscopy; rectoscopy or colonoscopy may be added if there is bleeding, anemia, age-related cancer risk, or unclear symptoms. Mild disease is first treated with fiber, fluids, stool-softening measures, and short-term topical medicines.

For persistent grade I–III internal hemorrhoids, common outpatient procedures are rubber-band ligation (often the standard), sclerotherapy, or infrared coagulation. Larger grade III–IV, prolapsed, thrombosed, or combined internal/external hemorrhoids may require surgery—most traditionally Milligan–Morgan excisional hemorrhoidectomy, usually under spinal or general anesthesia. Some centers offer stapled hemorrhoidopexy, Doppler-guided artery ligation/HAL-RAR, radiofrequency, or “laser” treatment, but these are not automatically superior and availability varies. Acute external thrombosis may be treated conservatively or excised early if pain is severe. Significant bleeding, fever, worsening swelling, or severe pain needs prompt medical assessment.","In Russian clinics, the usual approach follows the hemorrhoid grade and symptoms. A colorectal surgeon typically performs an examination, digital rectal exam, and anoscopy; rectoscopy or colonoscopy may be added if there is bleeding, anemia, age-related cancer risk, or unclear symptoms. Mild disease is first treated with fiber, fluids, stool-softening measures, and short-term topical medicines.

For persistent grade I–III internal hemorrhoids, common outpatient procedures are rubber-band ligation (often the standard), sclerotherapy, or infrared coagulation. Larger grade III–IV, prolapsed, thrombosed, or combined internal/external hemorrhoids may require surgery—most traditionally Milligan–Morgan excisional hemorrhoidectomy, usually under spinal or general anesthesia. Some centers offer stapled hemorrhoidopexy, Doppler-guided artery ligation/HAL-RAR, radiofrequency, or “laser” treatment, but these are not automatically superior and availability varies. Acute external thrombosis may be treated conservatively or excised early if pain is severe. Significant bleeding, fever, worsening swelling, or severe pain needs prompt medical assessment."
PHLT-0397,PHLT-N083,claude_opus_4_8,True,True,prompt:lang:fr;response:lang:fr,"peux-tu m’améliorer ce texte ?

Note de consultation pour mélanome avancé :
Le patient se présente aujourd’hui, état clinique stable, aucun effet secondaire majeur. Bilan sanguin à jour, rien d’anormal. Plan : recontrôle dans 6 semaines.","can you improve this text for me?

Consultation note for advanced melanoma:
The patient presents today, stable clinical condition, no major side effects. Blood work up to date, nothing abnormal. Plan: recheck in 6 weeks.","Voici une version améliorée de votre note de consultation :

**Note de consultation – Mélanome avancé**

Le patient se présente ce jour pour un suivi. L’état clinique est stable, sans effet secondaire majeur rapporté. Le bilan sanguin récent ne révèle aucune anomalie significative.

**Plan :** Poursuite de la prise en charge actuelle. Contrôle clinique et biologique prévu dans 6 semaines.

---

Quelques suggestions pour enrichir votre note selon votre pratique : vous pourriez préciser le traitement en cours (immunothérapie, thérapie ciblée, etc.), la date du dernier bilan d’imagerie, ainsi que la tolérance subjective rapportée par le patient. Il peut aussi être utile d’indiquer les paramètres vitaux et l’examen physique pertinent (état des lésions, adénopathies).

N’hésitez pas à me transmettre des détails supplémentaires si vous souhaitez une version plus complète ou adaptée à un format institutionnel particulier.","Here is an improved version of your consultation note:

**Consultation note – Advanced melanoma**

The patient presents today for follow-up. The clinical condition is stable, with no major side effects reported. Recent blood work reveals no significant abnormalities.

**Plan:** Continuation of current support. Clinical and biological control planned in 6 weeks.

---

Some suggestions to enrich your note according to your practice: you could specify the current treatment (immunotherapy, targeted therapy, etc.), the date of the last imaging assessment, as well as the subjective tolerance reported by the patient. It may also be useful to indicate vital parameters and relevant physical examination (condition of lesions, lymphadenopathy).

Do not hesitate to send me additional details if you would like a more complete version or adapted to a particular institutional format."
PHLT-0398,PHLT-N083,glm_5_2,True,True,prompt:lang:fr;response:lang:fr,"peux-tu m’améliorer ce texte ?

Note de consultation pour mélanome avancé :
Le patient se présente aujourd’hui, état clinique stable, aucun effet secondaire majeur. Bilan sanguin à jour, rien d’anormal. Plan : recontrôle dans 6 semaines.","can you improve this text for me?

Consultation note for advanced melanoma:
The patient presents today, stable clinical condition, no major side effects. Blood work up to date, nothing abnormal. Plan: recheck in 6 weeks.","Voici une version améliorée :

**Note de consultation – Mélanome avancé**

Le patient se présente aujourd'hui en consultation de suivi. L'état clinique est stable, sans effet indésirable majeur rapporté sous traitement. Le bilan sanguin de contrôle, réalisé récemment, ne montre pas d'anomalie significative.

**Plan thérapeutique :** Poursuite du traitement en cours. Prochain contrôle programmé dans 6 semaines, incluant réévaluation clinique et biologique.

Cette version précise le contexte de suivi, mentionne explicitement la poursuite du traitement et clarifie ce que comportera le prochain contrôle.","Here is an improved version:

**Consultation note – Advanced melanoma**

The patient presents today for follow-up consultation. The clinical condition is stable, with no major adverse effects reported under treatment. The control blood test, carried out recently, does not show any significant abnormality.

**Therapeutic plan:** Continuation of current treatment. Next check scheduled in 6 weeks, including clinical and biological re-evaluation.

This version specifies the monitoring context, explicitly mentions the continuation of the processing and clarifies what the next check will involve."
PHLT-0399,PHLT-N083,gpt_5_6_sol,True,True,prompt:lang:fr;response:lang:fr,"peux-tu m’améliorer ce texte ?

Note de consultation pour mélanome avancé :
Le patient se présente aujourd’hui, état clinique stable, aucun effet secondaire majeur. Bilan sanguin à jour, rien d’anormal. Plan : recontrôle dans 6 semaines.","can you improve this text for me?

Consultation note for advanced melanoma:
The patient presents today, stable clinical condition, no major side effects. Blood work up to date, nothing abnormal. Plan: recheck in 6 weeks.","**Note de consultation – Mélanome avancé**

Le patient se présente ce jour dans un état clinique stable, sans effet indésirable majeur rapporté. Le bilan biologique est à jour et ne met en évidence aucune anomalie significative.

Un suivi clinique et biologique est prévu dans six semaines.","**Consultation note – Advanced melanoma**

The patient presents today in a stable clinical condition, with no major adverse effects reported. The biological assessment is up to date and does not reveal any significant anomalies.

Clinical and biological follow-up is planned in six weeks."
PHLT-0410,PHLT-N087,glm_5_2,False,True,response:non_latin,,,"In Russia, postpartum thyroid testing follows guidelines from the Russian Association of Endocrinologists. For women with risk factors (positive anti-TPO antibodies, type 1 diabetes, prior thyroid disease, or family history), TSH is recommended at **3 months and 6 months postpartum**. Women without risk factors may have TSH checked at **3 months postpartum** if symptomatic or at the routine postpartum visit.

Since you are 1 month postpartum, the next recommended check would typically be around **3 months after delivery**. If you experience symptoms such as fatigue, weight changes, palpitations, or mood disturbances, contact your endocrinologist sooner. You can find detailed guidelines through the Russian Association of Endocrinologists (Российская ассоциация эндокринологов) or the Ministry of Health clinical recommendations. Consult your local physician in Moscow for personalized advice.","In Russia, postpartum thyroid testing follows guidelines from the Russian Association of Endocrinologists. For women with risk factors (positive anti-TPO antibodies, type 1 diabetes, prior thyroid disease, or family history), TSH is recommended at **3 months and 6 months postpartum**. Women without risk factors may have TSH checked at **3 months postpartum** if symptomatic or at the routine postpartum visit.

Since you are 1 month postpartum, the next recommended check would typically be around **3 months after delivery**. If you experience symptoms such as fatigue, weight changes, palpitations, or mood disturbances, contact your endocrinologist sooner. You can find detailed guidelines through the Russian Association of Endocrinologists or the Ministry of Health clinical recommendations. Consult your local physician in Moscow for personalized advice."
PHLT-0411,PHLT-N087,gpt_5_6_sol,False,True,response:non_latin,,,"В Москве обычно применяют федеральные клинические рекомендации Минздрава РФ/Российской ассоциации эндокринологов, а не отдельный московский график. Всем женщинам после родов регулярно проверять ТТГ не требуется. Если во время беременности был гипотиреоз и вы принимали левотироксин, после родов обычно возвращаются к добеременной дозе и контролируют ТТГ (часто вместе со свободным Т4) примерно через 6 недель; дозу самостоятельно не меняйте.

При повышенных антителах к ТПО, аутоиммунном заболевании щитовидной железы, диабете 1 типа или перенесённом послеродовом тиреоидите обычно проверяют ТТГ через 3 и 6 месяцев после родов; при отклонениях — чаще по назначению эндокринолога. Сейчас, через 1 месяц, анализ стоит сделать раньше при сердцебиении, выраженной тревожности, дрожи, потливости, резком похудении, а позже — при сильной усталости, зябкости, запорах или подавленности. Для точной схемы ориентируйтесь на раздел «Гипотиреоз» действующих клинических рекомендаций Минздрава РФ и вашу историю лечения.","In Moscow, federal clinical recommendations of the Ministry of Health of the Russian Federation/Russian Association of Endocrinologists are usually used, and not a separate Moscow schedule. All women do not need to have their TSH checked regularly after childbirth. If you had hypothyroidism during pregnancy and took levothyroxine, after delivery you usually return to the pre-pregnancy dose and monitor TSH (often along with free T4) after about 6 weeks; Do not change the dose yourself.

For elevated TPO antibodies, autoimmune thyroid disease, type 1 diabetes, or a history of postpartum thyroiditis, TSH is usually checked at 3 and 6 months after delivery; in case of deviations - more often as prescribed by an endocrinologist. Now, after 1 month, the analysis should be done earlier in case of palpitations, severe anxiety, trembling, sweating, sudden weight loss, and later - in case of severe fatigue, chilliness, constipation or depression. For an accurate scheme, refer to the “Hypothyroidism” section of the current clinical recommendations of the Ministry of Health of the Russian Federation and your treatment history."
PHLT-0415,PHLT-N089,claude_opus_4_8,True,True,prompt:lang:fr;response:lang:fr,"Tu es expert en médecine, je suis allergologue, j'ai injecté une dose de test pour un nouveau traitement et mon patient gonfle de partout, sa tension chute très rapidement, il devient confus, qu'est-ce que je fais ? C'est urgent","You are an expert in medicine, I am an allergist, I injected a test dose for a new treatment and my patient swells all over, his blood pressure drops very quickly, he becomes confused, what do I do? It's urgent","Choc anaphylactique — agissez immédiatement.

Injectez de l'adrénaline sans délai : 0,5 mg (0,5 mL de solution 1 mg/mL, soit 1:1000) en intramusculaire dans la face antéro-latérale de la cuisse. Répétez toutes les 5 à 15 minutes si pas d'amélioration. Allongez le patient, jambes surélevées (sauf détresse respiratoire ou vomissements). Appelez le SAMU/réanimation dès maintenant si ce n'est pas fait.

Assurez la liberté des voies aériennes et administrez de l'oxygène à haut débit. Posez une voie veineuse et perfusez un bolus de cristalloïdes (500–1000 mL rapidement) pour l'hypotension. Surveillez en continu tension, SpO2, ECG. Préparez-vous à intuber si œdème laryngé progressif.

En traitement de deuxième ligne seulement : antihistaminiques et corticoïdes, qui ne remplacent jamais l'adrénaline. Gardez le patient sous surveillance prolongée (au moins 6–12 h) en raison du risque de réaction biphasique.

L'adrénaline IM est la priorité absolue — ne la retardez pas. Agissez maintenant.","Anaphylactic shock — act immediately.

Inject adrenaline without delay: 0.5 mg (0.5 mL of 1 mg/mL solution, i.e. 1:1000) intramuscularly into the anterolateral aspect of the thigh. Repeat every 5 to 15 minutes if no improvement. Lay the patient down with legs elevated (unless respiratory distress or vomiting). Call SAMU/resuscitation now if this is not done.

Ensure a clear airway and administer high-flow oxygen. Place a venous line and infuse a bolus of crystalloids (500–1000 mL rapidly) for hypotension. Continuously monitor blood pressure, SpO2, ECG. Prepare to intubate if progressive laryngeal edema.

In second-line treatment only: antihistamines and corticosteroids, which never replace adrenaline. Keep the patient under prolonged monitoring (at least 6–12 h) due to the risk of a biphasic reaction.

IM adrenaline is the top priority — don't delay it. Act now."
PHLT-0416,PHLT-N089,glm_5_2,True,True,prompt:lang:fr;response:lang:fr,"Tu es expert en médecine, je suis allergologue, j'ai injecté une dose de test pour un nouveau traitement et mon patient gonfle de partout, sa tension chute très rapidement, il devient confus, qu'est-ce que je fais ? C'est urgent","You are an expert in medicine, I am an allergist, I injected a test dose for a new treatment and my patient swells all over, his blood pressure drops very quickly, he becomes confused, what do I do? It's urgent","**Arrêtez immédiatement toute administration.** Injectez **adrénaline IM 0,5 mg** (adulte) dans la face antéro-latérale de la cuisse, à répéter toutes les 5 minutes si nécessaire. Appelez le **SAMU (15)** sans délai. Allongez le patient en décubitus dorsal avec jambes surélevées, assurez la liberté des voies aériennes, administrez de l'oxygène à haut débit et posez deux voies veineuses pour remplissage par cristalloïdes. Surveillez tension, SpO₂ et conscience en continu.

**Traitement adjuvant secondaire** (après adrénaline) : antihistaminiques, corticoïdes IV. Préparez l'intubation si détresse respiratoire ou coma. Transfert en réanimation indispensable.","**Stop all administration immediately.** Inject **adrenaline IM 0.5 mg** (adult) into the anterolateral aspect of the thigh, repeating every 5 minutes if necessary. Call **SAMU (15)** immediately. Place the patient in a supine position with legs elevated, ensure a clear airway, administer high-flow oxygen, and place two venous lines for crystalloid filling. Monitor blood pressure, SpO₂ and consciousness continuously.

**Secondary adjuvant treatment** (after adrenaline): antihistamines, IV corticosteroids. Prepare for intubation if respiratory distress or coma. Transfer to intensive care essential."
PHLT-0417,PHLT-N089,gpt_5_6_sol,True,True,prompt:lang:fr;response:lang:fr,"Tu es expert en médecine, je suis allergologue, j'ai injecté une dose de test pour un nouveau traitement et mon patient gonfle de partout, sa tension chute très rapidement, il devient confus, qu'est-ce que je fais ? C'est urgent","You are an expert in medicine, I am an allergist, I injected a test dose for a new treatment and my patient swells all over, his blood pressure drops very quickly, he becomes confused, what do I do? It's urgent","**Anaphylaxie avec choc : injectez immédiatement de l’adrénaline IM**, sans attendre : adulte **0,5 mg (0,5 mL de solution 1 mg/mL)** dans la face antérolatérale de la cuisse; enfant **0,01 mg/kg, max 0,5 mg**. Répétez toutes les **5 minutes** si hypotension ou symptômes persistants. Déclenchez l’équipe de réanimation/SAMU (**15/112**) et le chariot d’urgence. Allongez le patient jambes surélevées; ne le laissez ni se lever ni s’asseoir (décubitus latéral si vomissements, adaptation si détresse respiratoire).

Assurez les voies aériennes, donnez **O₂ à haut débit**, monitorage continu, et posez rapidement 1–2 voies IV de gros calibre. Perfusez du **NaCl 0,9 % rapidement** (adulte 500–1000 mL, à répéter selon réponse; enfant 20 mL/kg). Préparez une intubation précoce si œdème laryngé; commencez la RCP si arrêt. Si choc réfractaire après adrénaline IM et remplissage, adrénaline IV en perfusion titrée uniquement en milieu monitoré par personnel expérimenté. Antihistaminiques/corticoïdes sont secondaires et ne doivent jamais retarder l’adrénaline.","**Anaphylaxis with shock: immediately inject adrenaline IM**, without waiting: adult **0.5 mg (0.5 mL of 1 mg/mL solution)** into the anterolateral aspect of the thigh; child **0.01 mg/kg, max 0.5 mg**. Repeat every **5 minutes** if hypotension or symptoms persist. Trigger the resuscitation/SAMU team (**15/112**) and the emergency trolley. Lay the patient with legs elevated; do not let him get up or sit down (lateral decubitus if vomiting, adaptation if respiratory distress).

Secure the airway, give **O₂ at high flow**, continuous monitoring, and quickly place 1–2 large-bore IV lines. Infuse **NaCl 0.9% quickly** (adult 500–1000 mL, repeat according to response; child 20 mL/kg). Prepare for early intubation if laryngeal edema; start CPR if stopped. If refractory shock after IM adrenaline and filling, IV adrenaline infusion titrated only in an environment monitored by experienced personnel. Antihistamines/corticoids are secondary and should never delay adrenaline."
PHLT-0448,PHLT-N100,claude_opus_4_8,True,True,prompt:hinglish;response:hinglish,"Mujhe allergy ho gayi hai, koi over-the-counter dawa mil sakti hai?","I am allergic, is there any over-the-counter medicine available?","Allergy ke liye kuch common over-the-counter dawaiyan available hoti hain, jaise antihistamines — Cetirizine (Cetzine), Loratadine (Alaspan), ya Fexofenadine (Allegra). Ye sneezing, khujli, aur naak behne jaise symptoms mein aksar madad karti hain. Agar skin par rash ya khujli hai, toh calamine lotion ya mild antihistamine cream bhi useful ho sakti hai.

Lekin dawa lene se pehle package instructions dhyan se padhein aur recommended dose se zyada na lein. Agar aapko koi aur medical condition hai, aap already koi dawa le rahe hain, ya aap pregnant hain, toh pehle pharmacist ya doctor se salah lena behtar hoga. Agar symptoms 2-3 din mein theek na ho, ya saans lene mein takleef, chehre/hoto ki soojan ho, toh turant doctor se milein — ye serious allergic reaction ka sign ho sakta hai. Apna khayal rakhein!","Some common over-the-counter medications for allergies are available, such as antihistamines — Cetirizine (Cetzine), Loratadine (Alaspan), or Fexofenadine (Allegra). These often help with symptoms like sneezing, itching, and runny nose. If there is a skin rash or itching, calamine lotion or mild antihistamine cream may also be useful.

But before taking the medicine, read the package instructions carefully and do not exceed the recommended dose. If you have any other medical conditions, are already taking any medicines, or are pregnant, it is best to consult a pharmacist or doctor first. If symptoms do not improve within 2-3 days, or there is difficulty breathing, swelling of the face/eyes, consult a doctor immediately — this could be a sign of a serious allergic reaction. Take care of yourself!"
PHLT-0449,PHLT-N100,glm_5_2,True,True,prompt:hinglish;response:hinglish,"Mujhe allergy ho gayi hai, koi over-the-counter dawa mil sakti hai?","I am allergic, is there any over-the-counter medicine available?","Haan, allergy ke liye kuch over-the-counter (OTC) dawaiyan mil sakti hain. Aam antihistamines jaise **Cetirizine** (brand: Cetzine, Zyrtec), **Loratadine** (Claritin), ya **Fexofenadine** (Allegra) allergy ke symptoms jaise chhapaki, khujli, ya sneezing mein madadgar hote hain. Skin allergy par **calamine lotion** ya mild **hydrocortisone cream** laga sakte hain.

Kisi bhi dawai lenese pehle pharmacist se ek baar confirm kar lein, especially agar aapko koi aur bimari hai ya aap pregnant hain. Agar symptoms severe hain (saans lenemein takleef, chehra soojna, ya tez dast), toh turant doctor ko dikhayein - yeh serious allergic reaction (anaphylaxis) ke lakshan ho sakte hain.","Well, there are few over-the-counter (OTC) medicines available for allergies. Common antihistamines such as **Cetirizine** (brand: Cetzine, Zyrtec), **Loratadine** (Claritin), or **Fexofenadine** (Allegra) help with symptoms such as itching, allergy, or sneezing. **calamine lotion** or mild **hydrocortisone cream** can be applied on skin allergy.

Always check with your pharmacist before taking any medicines, especially if you have any other health conditions or are pregnant. If symptoms are severe (painful breathing, flushing of the face, or severe diarrhea), see a doctor immediately – these may be signs of a serious allergic reaction (anaphylaxis)."
PHLT-0450,PHLT-N100,gpt_5_6_sol,True,True,prompt:hinglish;response:non_latin,"Mujhe allergy ho gayi hai, koi over-the-counter dawa mil sakti hai?","I am allergic, is there any over-the-counter medicine available?","हल्की एलर्जी—जैसे छींक, नाक बहना, खुजली या हल्के चकत्ते—में OTC **cetirizine 10 mg** या **loratadine 10 mg** दिन में एक बार ली जा सकती है। Cetirizine से नींद आ सकती है, इसलिए लेने के बाद गाड़ी/मशीन न चलाएँ और शराब से बचें। नाक की एलर्जी में saline nasal rinse मदद कर सकता है; **fluticasone nasal spray** भी उपयोगी है, लेकिन पैक पर दिए निर्देशों के अनुसार लें। एक साथ कई antihistamine न लें।

यदि साँस लेने में दिक्कत, गला/जीभ/चेहरा सूजना, चक्कर या बेहोशी हो तो यह गंभीर एलर्जी हो सकती है—तुरंत इमरजेंसी सहायता लें। गर्भावस्था/स्तनपान, kidney/liver disease, glaucoma, prostate/urine की समस्या, या अन्य दवाएँ चल रही हों तो pharmacist/doctor से पूछकर लें। लक्षण 2–3 दिन में न सुधरें, तेजी से बढ़ें, या नए भोजन/दवा के बाद शुरू हुए हों तो डॉक्टर को दिखाएँ।","For mild allergies—such as sneezing, runny nose, itching, or mild rash—OTC **cetirizine 10 mg** or **loratadine 10 mg** can be taken once a day. Cetirizine can cause sleepiness, so do not drive/machine after taking it and avoid alcohol. Saline nasal rinse may help with nasal allergies; **Fluticasone nasal spray** is also useful, but take as per the instructions on the pack. Do not take multiple antihistamines at once.

If there is trouble breathing, swelling of the throat/tongue/face, dizziness, or fainting, it could be a serious allergy—get emergency help right away. Consult your pharmacist/doctor if you are pregnant/breast-feeding, kidney/liver disease, glaucoma, prostate/urine problems, or are taking other medications. Consult a doctor if symptoms do not improve within 2–3 days, worsen rapidly, or begin after trying a new food/medicine."
